year,race_name,team,profile,practice_signal,n_sessions
2022,Abu Dhabi Grand Prix,Alfa Romeo,balanced,0.6906666666666668,3
2022,Abu Dhabi Grand Prix,Alfa Romeo,long_run,0.3528888888888889,3
2022,Abu Dhabi Grand Prix,Alfa Romeo,short_run,0.5013333333333334,3
2022,Abu Dhabi Grand Prix,AlphaTauri,balanced,0.0,3
2022,Abu Dhabi Grand Prix,AlphaTauri,long_run,0.35377777777777775,3
2022,Abu Dhabi Grand Prix,AlphaTauri,short_run,0.0,3
2022,Abu Dhabi Grand Prix,Alpine,balanced,0.7777777777777779,3
2022,Abu Dhabi Grand Prix,Alpine,long_run,0.7031111111111111,3
2022,Abu Dhabi Grand Prix,Alpine,short_run,0.7777777777777779,3
2022,Abu Dhabi Grand Prix,Aston Martin,balanced,0.40800000000000003,3
2022,Abu Dhabi Grand Prix,Aston Martin,long_run,0.3857777777777778,3
2022,Abu Dhabi Grand Prix,Aston Martin,short_run,0.5573333333333335,3
2022,Abu Dhabi Grand Prix,Ferrari,balanced,0.6968888888888889,3
2022,Abu Dhabi Grand Prix,Ferrari,long_run,0.7048888888888889,3
2022,Abu Dhabi Grand Prix,Ferrari,short_run,0.5617777777777778,3
2022,Abu Dhabi Grand Prix,Haas F1 Team,balanced,0.42844444444444446,3
2022,Abu Dhabi Grand Prix,Haas F1 Team,long_run,0.0,3
2022,Abu Dhabi Grand Prix,Haas F1 Team,short_run,0.40800000000000003,3
2022,Abu Dhabi Grand Prix,McLaren,balanced,0.33777777777777784,3
2022,Abu Dhabi Grand Prix,McLaren,long_run,0.5013333333333334,3
2022,Abu Dhabi Grand Prix,McLaren,short_run,0.5031111111111112,3
2022,Abu Dhabi Grand Prix,Mercedes,balanced,0.48266666666666663,3
2022,Abu Dhabi Grand Prix,Mercedes,long_run,0.8346666666666668,3
2022,Abu Dhabi Grand Prix,Mercedes,short_run,0.4222222222222222,3
2022,Abu Dhabi Grand Prix,Red Bull Racing,balanced,0.8791111111111111,3
2022,Abu Dhabi Grand Prix,Red Bull Racing,long_run,0.8604444444444445,3
2022,Abu Dhabi Grand Prix,Red Bull Racing,short_run,0.8791111111111111,3
2022,Abu Dhabi Grand Prix,Williams,balanced,0.29866666666666675,3
2022,Abu Dhabi Grand Prix,Williams,long_run,0.30311111111111116,3
2022,Abu Dhabi Grand Prix,Williams,short_run,0.38933333333333336,3
2022,Australian Grand Prix,Alfa Romeo,balanced,0.4524444444444445,3
2022,Australian Grand Prix,Alfa Romeo,long_run,0.47911111111111115,3
2022,Australian Grand Prix,Alfa Romeo,short_run,0.4222222222222222,3
2022,Australian Grand Prix,AlphaTauri,balanced,0.3288888888888889,3
2022,Australian Grand Prix,AlphaTauri,long_run,0.41600000000000004,3
2022,Australian Grand Prix,AlphaTauri,short_run,0.40355555555555556,3
2022,Australian Grand Prix,Alpine,balanced,0.5075555555555555,3
2022,Australian Grand Prix,Alpine,long_run,0.608,3
2022,Australian Grand Prix,Alpine,short_run,0.5822222222222223,3
2022,Australian Grand Prix,Aston Martin,balanced,0.2808888888888889,3
2022,Australian Grand Prix,Aston Martin,long_run,0.10488888888888889,3
2022,Australian Grand Prix,Aston Martin,short_run,0.2808888888888889,3
2022,Australian Grand Prix,Ferrari,balanced,0.9253333333333333,3
2022,Australian Grand Prix,Ferrari,long_run,0.9697777777777776,3
2022,Australian Grand Prix,Ferrari,short_run,0.8951111111111111,3
2022,Australian Grand Prix,Haas F1 Team,balanced,0.24266666666666667,3
2022,Australian Grand Prix,Haas F1 Team,long_run,0.22844444444444445,3
2022,Australian Grand Prix,Haas F1 Team,short_run,0.2728888888888889,3
2022,Australian Grand Prix,McLaren,balanced,0.5955555555555556,3
2022,Australian Grand Prix,McLaren,long_run,0.6080000000000001,3
2022,Australian Grand Prix,McLaren,short_run,0.6257777777777778,3
2022,Australian Grand Prix,Mercedes,balanced,0.6062222222222223,3
2022,Australian Grand Prix,Mercedes,long_run,0.719111111111111,3
2022,Australian Grand Prix,Mercedes,short_run,0.3964444444444445,3
2022,Australian Grand Prix,Red Bull Racing,balanced,0.9635555555555555,3
2022,Australian Grand Prix,Red Bull Racing,long_run,0.8302222222222223,3
2022,Australian Grand Prix,Red Bull Racing,short_run,0.9635555555555555,3
2022,Australian Grand Prix,Williams,balanced,0.0968888888888889,3
2022,Australian Grand Prix,Williams,long_run,0.03644444444444446,3
2022,Australian Grand Prix,Williams,short_run,0.15733333333333335,3
2022,Azerbaijan Grand Prix,Alfa Romeo,balanced,0.2888888888888889,3
2022,Azerbaijan Grand Prix,Alfa Romeo,long_run,0.3804444444444444,3
2022,Azerbaijan Grand Prix,Alfa Romeo,short_run,0.3493333333333334,3
2022,Azerbaijan Grand Prix,AlphaTauri,balanced,0.7697777777777778,3
2022,Azerbaijan Grand Prix,AlphaTauri,long_run,0.6177777777777778,3
2022,Azerbaijan Grand Prix,AlphaTauri,short_run,0.7333333333333334,3
2022,Azerbaijan Grand Prix,Alpine,balanced,0.4684444444444445,3
2022,Azerbaijan Grand Prix,Alpine,long_run,0.3431111111111111,3
2022,Azerbaijan Grand Prix,Alpine,short_run,0.5048888888888889,3
2022,Azerbaijan Grand Prix,Aston Martin,balanced,0.34755555555555556,3
2022,Azerbaijan Grand Prix,Aston Martin,long_run,0.4924444444444445,3
2022,Azerbaijan Grand Prix,Aston Martin,short_run,0.34177777777777774,3
2022,Azerbaijan Grand Prix,Ferrari,balanced,0.8,3
2022,Azerbaijan Grand Prix,Ferrari,long_run,0.7937777777777778,3
2022,Azerbaijan Grand Prix,Ferrari,short_run,0.8728888888888889,3
2022,Azerbaijan Grand Prix,Haas F1 Team,balanced,0.25422222222222224,3
2022,Azerbaijan Grand Prix,Haas F1 Team,long_run,0.3395555555555556,3
2022,Azerbaijan Grand Prix,Haas F1 Team,short_run,0.1635555555555556,3
2022,Azerbaijan Grand Prix,McLaren,balanced,0.43466666666666665,3
2022,Azerbaijan Grand Prix,McLaren,long_run,0.36177777777777775,3
2022,Azerbaijan Grand Prix,McLaren,short_run,0.3191111111111111,3
2022,Azerbaijan Grand Prix,Mercedes,balanced,0.608,3
2022,Azerbaijan Grand Prix,Mercedes,long_run,0.3857777777777778,3
2022,Azerbaijan Grand Prix,Mercedes,short_run,0.6262222222222222,3
2022,Azerbaijan Grand Prix,Red Bull Racing,balanced,0.9555555555555555,3
2022,Azerbaijan Grand Prix,Red Bull Racing,long_run,0.9555555555555555,3
2022,Azerbaijan Grand Prix,Red Bull Racing,short_run,0.9555555555555555,3
2022,Azerbaijan Grand Prix,Williams,balanced,0.07288888888888888,3
2022,Azerbaijan Grand Prix,Williams,long_run,0.32977777777777784,3
2022,Azerbaijan Grand Prix,Williams,short_run,0.13333333333333333,3
2022,Bahrain Grand Prix,Alfa Romeo,balanced,0.8826666666666666,3
2022,Bahrain Grand Prix,Alfa Romeo,long_run,0.42044444444444445,3
2022,Bahrain Grand Prix,Alfa Romeo,short_run,0.7653333333333334,3
2022,Bahrain Grand Prix,AlphaTauri,balanced,0.368,3
2022,Bahrain Grand Prix,AlphaTauri,long_run,0.6204444444444445,3
2022,Bahrain Grand Prix,AlphaTauri,short_run,0.24444444444444452,3
2022,Bahrain Grand Prix,Alpine,balanced,0.4924444444444444,3
2022,Bahrain Grand Prix,Alpine,long_run,0.5511111111111111,3
2022,Bahrain Grand Prix,Alpine,short_run,0.44800000000000006,3
2022,Bahrain Grand Prix,Aston Martin,balanced,0.12088888888888889,3
2022,Bahrain Grand Prix,Aston Martin,long_run,0.44000000000000006,3
2022,Bahrain Grand Prix,Aston Martin,short_run,0.0,3
2022,Bahrain Grand Prix,Ferrari,balanced,0.9395555555555555,3
2022,Bahrain Grand Prix,Ferrari,long_run,0.9093333333333333,3
2022,Bahrain Grand Prix,Ferrari,short_run,0.8284444444444444,3
2022,Bahrain Grand Prix,Haas F1 Team,balanced,0.6026666666666667,3
2022,Bahrain Grand Prix,Haas F1 Team,long_run,0.3777777777777778,3
2022,Bahrain Grand Prix,Haas F1 Team,short_run,0.6248888888888888,3
2022,Bahrain Grand Prix,McLaren,balanced,0.30488888888888893,3
2022,Bahrain Grand Prix,McLaren,long_run,0.16355555555555557,3
2022,Bahrain Grand Prix,McLaren,short_run,0.6968888888888889,3
2022,Bahrain Grand Prix,Mercedes,balanced,0.5493333333333335,3
2022,Bahrain Grand Prix,Mercedes,long_run,0.6604444444444445,3
2022,Bahrain Grand Prix,Mercedes,short_run,0.5173333333333334,3
2022,Bahrain Grand Prix,Red Bull Racing,balanced,0.5395555555555556,3
2022,Bahrain Grand Prix,Red Bull Racing,long_run,0.5742222222222223,3
2022,Bahrain Grand Prix,Red Bull Racing,short_run,0.6888888888888889,3
2022,Bahrain Grand Prix,Williams,balanced,0.20000000000000004,3
2022,Bahrain Grand Prix,Williams,long_run,0.2826666666666667,3
2022,Bahrain Grand Prix,Williams,short_run,0.18577777777777776,3
2022,Belgian Grand Prix,Alfa Romeo,balanced,0.5111111111111111,3
2022,Belgian Grand Prix,Alfa Romeo,long_run,0.5315555555555556,3
2022,Belgian Grand Prix,Alfa Romeo,short_run,0.4666666666666667,3
2022,Belgian Grand Prix,AlphaTauri,balanced,0.5155555555555557,3
2022,Belgian Grand Prix,AlphaTauri,long_run,0.2915555555555555,3
2022,Belgian Grand Prix,AlphaTauri,short_run,0.5457777777777778,3
2022,Belgian Grand Prix,Alpine,balanced,0.41600000000000004,3
2022,Belgian Grand Prix,Alpine,long_run,0.14133333333333337,3
2022,Belgian Grand Prix,Alpine,short_run,0.5493333333333335,3
2022,Belgian Grand Prix,Aston Martin,balanced,0.5822222222222223,3
2022,Belgian Grand Prix,Aston Martin,long_run,0.687111111111111,3
2022,Belgian Grand Prix,Aston Martin,short_run,0.5377777777777778,3
2022,Belgian Grand Prix,Ferrari,balanced,0.647111111111111,3
2022,Belgian Grand Prix,Ferrari,long_run,0.7493333333333333,3
2022,Belgian Grand Prix,Ferrari,short_run,0.647111111111111,3
2022,Belgian Grand Prix,Haas F1 Team,balanced,0.3555555555555555,3
2022,Belgian Grand Prix,Haas F1 Team,long_run,0.2968888888888889,3
2022,Belgian Grand Prix,Haas F1 Team,short_run,0.28088888888888885,3
2022,Belgian Grand Prix,McLaren,balanced,0.21155555555555558,3
2022,Belgian Grand Prix,McLaren,long_run,0.3493333333333334,3
2022,Belgian Grand Prix,McLaren,short_run,0.21155555555555558,3
2022,Belgian Grand Prix,Mercedes,balanced,0.39555555555555555,3
2022,Belgian Grand Prix,Mercedes,long_run,0.4924444444444444,3
2022,Belgian Grand Prix,Mercedes,short_run,0.39555555555555555,3
2022,Belgian Grand Prix,Red Bull Racing,balanced,0.9271111111111111,3
2022,Belgian Grand Prix,Red Bull Racing,long_run,1.0,3
2022,Belgian Grand Prix,Red Bull Racing,short_run,0.9271111111111111,3
2022,Belgian Grand Prix,Williams,balanced,0.43822222222222224,3
2022,Belgian Grand Prix,Williams,long_run,0.4604444444444445,3
2022,Belgian Grand Prix,Williams,short_run,0.43822222222222224,3
2022,British Grand Prix,Alfa Romeo,balanced,0.6056166056166057,2
2022,British Grand Prix,Alfa Romeo,long_run,0.5164835164835166,2
2022,British Grand Prix,Alfa Romeo,short_run,0.41636141636141644,2
2022,British Grand Prix,AlphaTauri,balanced,0.3583638583638584,2
2022,British Grand Prix,AlphaTauri,long_run,0.5054945054945055,2
2022,British Grand Prix,AlphaTauri,short_run,0.4444444444444444,2
2022,British Grand Prix,Alpine,balanced,0.40048840048840045,2
2022,British Grand Prix,Alpine,long_run,0.40048840048840045,2
2022,British Grand Prix,Alpine,short_run,0.31135531135531136,2
2022,British Grand Prix,Aston Martin,balanced,0.7167277167277168,2
2022,British Grand Prix,Aston Martin,long_run,0.4945054945054945,2
2022,British Grand Prix,Aston Martin,short_run,0.7277167277167278,2
2022,British Grand Prix,Ferrari,balanced,0.5885225885225885,2
2022,British Grand Prix,Ferrari,long_run,0.7277167277167278,2
2022,British Grand Prix,Ferrari,short_run,0.8888888888888888,2
2022,British Grand Prix,Haas F1 Team,balanced,0.29426129426129427,2
2022,British Grand Prix,Haas F1 Team,long_run,0.23321123321123327,2
2022,British Grand Prix,Haas F1 Team,short_run,0.45543345543345554,2
2022,British Grand Prix,McLaren,balanced,0.2973137973137973,2
2022,British Grand Prix,McLaren,long_run,0.2222222222222222,2
2022,British Grand Prix,McLaren,short_run,0.6336996336996338,2
2022,British Grand Prix,Mercedes,balanced,0.877899877899878,2
2022,British Grand Prix,Mercedes,long_run,0.8388278388278388,2
2022,British Grand Prix,Mercedes,short_run,0.35042735042735046,2
2022,British Grand Prix,Red Bull Racing,balanced,0.5494505494505495,2
2022,British Grand Prix,Red Bull Racing,long_run,1.0,2
2022,British Grand Prix,Red Bull Racing,short_run,0.5494505494505495,2
2022,British Grand Prix,Williams,balanced,0.31135531135531136,2
2022,British Grand Prix,Williams,long_run,0.06105006105006108,2
2022,British Grand Prix,Williams,short_run,0.2222222222222222,2
2022,Canadian Grand Prix,Alfa Romeo,balanced,0.12148148148148147,2
2022,Canadian Grand Prix,Alfa Romeo,long_run,0.282962962962963,2
2022,Canadian Grand Prix,Alfa Romeo,short_run,0.12148148148148147,2
2022,Canadian Grand Prix,AlphaTauri,balanced,0.8281481481481482,2
2022,Canadian Grand Prix,AlphaTauri,long_run,0.362962962962963,2
2022,Canadian Grand Prix,AlphaTauri,short_run,0.6162962962962965,2
2022,Canadian Grand Prix,Alpine,balanced,0.45481481481481484,2
2022,Canadian Grand Prix,Alpine,long_run,0.7170370370370373,2
2022,Canadian Grand Prix,Alpine,short_run,0.5762962962962963,2
2022,Canadian Grand Prix,Aston Martin,balanced,0.6666666666666669,2
2022,Canadian Grand Prix,Aston Martin,long_run,0.5748148148148148,2
2022,Canadian Grand Prix,Aston Martin,short_run,0.29333333333333333,2
2022,Canadian Grand Prix,Ferrari,balanced,0.7481481481481481,2
2022,Canadian Grand Prix,Ferrari,long_run,0.7481481481481481,2
2022,Canadian Grand Prix,Ferrari,short_run,1.0,2
2022,Canadian Grand Prix,Haas F1 Team,balanced,0.31259259259259264,2
2022,Canadian Grand Prix,Haas F1 Team,long_run,0.8888888888888888,2
2022,Canadian Grand Prix,Haas F1 Team,short_run,0.282962962962963,2
2022,Canadian Grand Prix,McLaren,balanced,0.3525925925925926,2
2022,Canadian Grand Prix,McLaren,long_run,0.4948148148148148,2
2022,Canadian Grand Prix,McLaren,short_run,0.3525925925925926,2
2022,Canadian Grand Prix,Mercedes,balanced,0.9392592592592592,2
2022,Canadian Grand Prix,Mercedes,long_run,0.3037037037037037,2
2022,Canadian Grand Prix,Mercedes,short_run,0.5051851851851852,2
2022,Canadian Grand Prix,Red Bull Racing,balanced,0.3437037037037037,2
2022,Canadian Grand Prix,Red Bull Racing,long_run,0.5762962962962963,2
2022,Canadian Grand Prix,Red Bull Racing,short_run,0.8888888888888888,2
2022,Canadian Grand Prix,Williams,balanced,0.23259259259259266,2
2022,Canadian Grand Prix,Williams,long_run,0.0503703703703704,2
2022,Canadian Grand Prix,Williams,short_run,0.362962962962963,2
2022,Dutch Grand Prix,Alfa Romeo,balanced,0.4,3
2022,Dutch Grand Prix,Alfa Romeo,long_run,0.5795555555555556,3
2022,Dutch Grand Prix,Alfa Romeo,short_run,0.24444444444444452,3
2022,Dutch Grand Prix,AlphaTauri,balanced,0.744,3
2022,Dutch Grand Prix,AlphaTauri,long_run,0.776,3
2022,Dutch Grand Prix,AlphaTauri,short_run,0.4471111111111111,3
2022,Dutch Grand Prix,Alpine,balanced,0.4640000000000001,3
2022,Dutch Grand Prix,Alpine,long_run,0.2382222222222222,3
2022,Dutch Grand Prix,Alpine,short_run,0.5084444444444445,3
2022,Dutch Grand Prix,Aston Martin,balanced,0.7697777777777779,3
2022,Dutch Grand Prix,Aston Martin,long_run,0.6808888888888889,3
2022,Dutch Grand Prix,Aston Martin,short_run,0.6142222222222222,3
2022,Dutch Grand Prix,Ferrari,balanced,0.7475555555555555,3
2022,Dutch Grand Prix,Ferrari,long_run,0.8524444444444444,3
2022,Dutch Grand Prix,Ferrari,short_run,0.5920000000000001,3
2022,Dutch Grand Prix,Haas F1 Team,balanced,0.47911111111111115,3
2022,Dutch Grand Prix,Haas F1 Team,long_run,0.5822222222222222,3
2022,Dutch Grand Prix,Haas F1 Team,short_run,0.49066666666666664,3
2022,Dutch Grand Prix,McLaren,balanced,0.32088888888888895,3
2022,Dutch Grand Prix,McLaren,long_run,0.3191111111111111,3
2022,Dutch Grand Prix,McLaren,short_run,0.43644444444444447,3
2022,Dutch Grand Prix,Mercedes,balanced,0.42666666666666664,3
2022,Dutch Grand Prix,Mercedes,long_run,0.6968888888888889,3
2022,Dutch Grand Prix,Mercedes,short_run,0.5297777777777777,3
2022,Dutch Grand Prix,Red Bull Racing,balanced,0.4862222222222222,3
2022,Dutch Grand Prix,Red Bull Racing,long_run,0.12711111111111112,3
2022,Dutch Grand Prix,Red Bull Racing,short_run,0.7084444444444445,3
2022,Dutch Grand Prix,Williams,balanced,0.16177777777777774,3
2022,Dutch Grand Prix,Williams,long_run,0.14755555555555558,3
2022,Dutch Grand Prix,Williams,short_run,0.42844444444444446,3
2022,French Grand Prix,Alfa Romeo,balanced,0.5742222222222222,3
2022,French Grand Prix,Alfa Romeo,long_run,0.687111111111111,3
2022,French Grand Prix,Alfa Romeo,short_run,0.3191111111111111,3
2022,French Grand Prix,AlphaTauri,balanced,0.6248888888888888,3
2022,French Grand Prix,AlphaTauri,long_run,0.647111111111111,3
2022,French Grand Prix,AlphaTauri,short_run,0.6248888888888888,3
2022,French Grand Prix,Alpine,balanced,0.6080000000000001,3
2022,French Grand Prix,Alpine,long_run,0.43200000000000005,3
2022,French Grand Prix,Alpine,short_run,0.6080000000000001,3
2022,French Grand Prix,Aston Martin,balanced,0.15733333333333335,3
2022,French Grand Prix,Aston Martin,long_run,0.2888888888888889,3
2022,French Grand Prix,Aston Martin,short_run,0.19377777777777777,3
2022,French Grand Prix,Ferrari,balanced,0.4728888888888889,3
2022,French Grand Prix,Ferrari,long_run,0.7875555555555556,3
2022,French Grand Prix,Ferrari,short_run,0.5822222222222222,3
2022,French Grand Prix,Haas F1 Team,balanced,0.39022222222222225,3
2022,French Grand Prix,Haas F1 Team,long_run,0.03022222222222224,3
2022,French Grand Prix,Haas F1 Team,short_run,0.39022222222222225,3
2022,French Grand Prix,McLaren,balanced,0.3795555555555556,3
2022,French Grand Prix,McLaren,long_run,0.4666666666666667,3
2022,French Grand Prix,McLaren,short_run,0.3795555555555556,3
2022,French Grand Prix,Mercedes,balanced,0.3751111111111111,3
2022,French Grand Prix,Mercedes,long_run,0.6524444444444446,3
2022,French Grand Prix,Mercedes,short_run,0.3751111111111111,3
2022,French Grand Prix,Red Bull Racing,balanced,0.7733333333333333,3
2022,French Grand Prix,Red Bull Racing,long_run,0.6444444444444445,3
2022,French Grand Prix,Red Bull Racing,short_run,0.7733333333333333,3
2022,French Grand Prix,Williams,balanced,0.6444444444444445,3
2022,French Grand Prix,Williams,long_run,0.3635555555555556,3
2022,French Grand Prix,Williams,short_run,0.7537777777777779,3
2022,Hungarian Grand Prix,Alfa Romeo,balanced,0.3940740740740741,2
2022,Hungarian Grand Prix,Alfa Romeo,long_run,0.32296296296296295,2
2022,Hungarian Grand Prix,Alfa Romeo,short_run,0.282962962962963,2
2022,Hungarian Grand Prix,AlphaTauri,balanced,0.20148148148148148,2
2022,Hungarian Grand Prix,AlphaTauri,long_run,0.3940740740740741,2
2022,Hungarian Grand Prix,AlphaTauri,short_run,0.4133333333333334,2
2022,Hungarian Grand Prix,Alpine,balanced,0.605925925925926,2
2022,Hungarian Grand Prix,Alpine,long_run,0.605925925925926,2
2022,Hungarian Grand Prix,Alpine,short_run,0.17185185185185184,2
2022,Hungarian Grand Prix,Aston Martin,balanced,0.4859259259259259,2
2022,Hungarian Grand Prix,Aston Martin,long_run,0.7777777777777778,2
2022,Hungarian Grand Prix,Aston Martin,short_run,0.4859259259259259,2
2022,Hungarian Grand Prix,Ferrari,balanced,0.7170370370370373,2
2022,Hungarian Grand Prix,Ferrari,long_run,1.0,2
2022,Hungarian Grand Prix,Ferrari,short_run,0.5451851851851852,2
2022,Hungarian Grand Prix,Haas F1 Team,balanced,0.47555555555555556,2
2022,Hungarian Grand Prix,Haas F1 Team,long_run,0.0,2
2022,Hungarian Grand Prix,Haas F1 Team,short_run,0.7985185185185185,2
2022,Hungarian Grand Prix,McLaren,balanced,0.5244444444444444,2
2022,Hungarian Grand Prix,McLaren,long_run,0.7377777777777778,2
2022,Hungarian Grand Prix,McLaren,short_run,0.40296296296296297,2
2022,Hungarian Grand Prix,Mercedes,balanced,0.6474074074074073,2
2022,Hungarian Grand Prix,Mercedes,long_run,0.23259259259259266,2
2022,Hungarian Grand Prix,Mercedes,short_run,0.5051851851851852,2
2022,Hungarian Grand Prix,Red Bull Racing,balanced,0.5140740740740741,2
2022,Hungarian Grand Prix,Red Bull Racing,long_run,0.7674074074074074,2
2022,Hungarian Grand Prix,Red Bull Racing,short_run,0.8785185185185185,2
2022,Hungarian Grand Prix,Williams,balanced,0.4340740740740741,2
2022,Hungarian Grand Prix,Williams,long_run,0.1614814814814815,2
2022,Hungarian Grand Prix,Williams,short_run,0.5155555555555557,2
2022,Italian Grand Prix,Alfa Romeo,balanced,0.23466666666666666,3
2022,Italian Grand Prix,Alfa Romeo,long_run,0.176,3
2022,Italian Grand Prix,Alfa Romeo,short_run,0.5857777777777778,3
2022,Italian Grand Prix,AlphaTauri,balanced,0.30844444444444447,3
2022,Italian Grand Prix,AlphaTauri,long_run,0.3591111111111111,3
2022,Italian Grand Prix,AlphaTauri,short_run,0.25600000000000006,3
2022,Italian Grand Prix,Alpine,balanced,0.8444444444444444,3
2022,Italian Grand Prix,Alpine,long_run,0.5715555555555556,3
2022,Italian Grand Prix,Alpine,short_run,0.8017777777777779,3
2022,Italian Grand Prix,Aston Martin,balanced,0.3777777777777778,3
2022,Italian Grand Prix,Aston Martin,long_run,0.5777777777777778,3
2022,Italian Grand Prix,Aston Martin,short_run,0.24266666666666667,3
2022,Italian Grand Prix,Ferrari,balanced,0.8648888888888889,3
2022,Italian Grand Prix,Ferrari,long_run,0.8222222222222222,3
2022,Italian Grand Prix,Ferrari,short_run,0.7377777777777778,3
2022,Italian Grand Prix,Haas F1 Team,balanced,0.34755555555555556,3
2022,Italian Grand Prix,Haas F1 Team,long_run,0.2666666666666667,3
2022,Italian Grand Prix,Haas F1 Team,short_run,0.42400000000000004,3
2022,Italian Grand Prix,McLaren,balanced,0.3128888888888889,3
2022,Italian Grand Prix,McLaren,long_run,0.37955555555555553,3
2022,Italian Grand Prix,McLaren,short_run,0.2888888888888889,3
2022,Italian Grand Prix,Mercedes,balanced,0.23644444444444446,3
2022,Italian Grand Prix,Mercedes,long_run,0.5075555555555555,3
2022,Italian Grand Prix,Mercedes,short_run,0.25066666666666665,3
2022,Italian Grand Prix,Red Bull Racing,balanced,0.8666666666666668,3
2022,Italian Grand Prix,Red Bull Racing,long_run,0.8542222222222222,3
2022,Italian Grand Prix,Red Bull Racing,short_run,0.8791111111111111,3
2022,Italian Grand Prix,Williams,balanced,0.6062222222222223,3
2022,Italian Grand Prix,Williams,long_run,0.48533333333333334,3
2022,Italian Grand Prix,Williams,short_run,0.5333333333333334,3
2022,Japanese Grand Prix,Alfa Romeo,balanced,0.5555555555555556,1
2022,Japanese Grand Prix,Alfa Romeo,long_run,0.8888888888888888,1
2022,Japanese Grand Prix,Alfa Romeo,short_run,0.33333333333333337,1
2022,Japanese Grand Prix,AlphaTauri,balanced,0.6666666666666667,1
2022,Japanese Grand Prix,AlphaTauri,long_run,0.2222222222222222,1
2022,Japanese Grand Prix,AlphaTauri,short_run,0.5555555555555556,1
2022,Japanese Grand Prix,Alpine,balanced,0.7777777777777778,1
2022,Japanese Grand Prix,Alpine,long_run,0.33333333333333337,1
2022,Japanese Grand Prix,Alpine,short_run,0.6666666666666667,1
2022,Japanese Grand Prix,Aston Martin,balanced,0.2222222222222222,1
2022,Japanese Grand Prix,Aston Martin,long_run,0.11111111111111116,1
2022,Japanese Grand Prix,Aston Martin,short_run,0.2222222222222222,1
2022,Japanese Grand Prix,Ferrari,balanced,0.8888888888888888,1
2022,Japanese Grand Prix,Ferrari,long_run,0.4444444444444444,1
2022,Japanese Grand Prix,Ferrari,short_run,1.0,1
2022,Japanese Grand Prix,Haas F1 Team,balanced,0.4444444444444444,1
2022,Japanese Grand Prix,Haas F1 Team,long_run,0.0,1
2022,Japanese Grand Prix,Haas F1 Team,short_run,0.4444444444444444,1
2022,Japanese Grand Prix,McLaren,balanced,0.0,1
2022,Japanese Grand Prix,McLaren,long_run,0.6666666666666667,1
2022,Japanese Grand Prix,McLaren,short_run,0.11111111111111116,1
2022,Japanese Grand Prix,Mercedes,balanced,0.11111111111111116,1
2022,Japanese Grand Prix,Mercedes,long_run,0.5555555555555556,1
2022,Japanese Grand Prix,Mercedes,short_run,0.7777777777777778,1
2022,Japanese Grand Prix,Red Bull Racing,balanced,1.0,1
2022,Japanese Grand Prix,Red Bull Racing,long_run,1.0,1
2022,Japanese Grand Prix,Red Bull Racing,short_run,0.8888888888888888,1
2022,Japanese Grand Prix,Williams,balanced,0.33333333333333337,1
2022,Japanese Grand Prix,Williams,long_run,0.7777777777777778,1
2022,Japanese Grand Prix,Williams,short_run,0.0,1
2022,Mexico City Grand Prix,Alfa Romeo,balanced,0.37955555555555553,3
2022,Mexico City Grand Prix,Alfa Romeo,long_run,0.38755555555555554,3
2022,Mexico City Grand Prix,Alfa Romeo,short_run,0.3413333333333333,3
2022,Mexico City Grand Prix,AlphaTauri,balanced,0.48711111111111116,3
2022,Mexico City Grand Prix,AlphaTauri,long_run,0.4666666666666667,3
2022,Mexico City Grand Prix,AlphaTauri,short_run,0.5173333333333334,3
2022,Mexico City Grand Prix,Alpine,balanced,0.39822222222222226,3
2022,Mexico City Grand Prix,Alpine,long_run,0.6266666666666667,3
2022,Mexico City Grand Prix,Alpine,short_run,0.7048888888888889,3
2022,Mexico City Grand Prix,Aston Martin,balanced,0.34755555555555556,3
2022,Mexico City Grand Prix,Aston Martin,long_run,0.36177777777777786,3
2022,Mexico City Grand Prix,Aston Martin,short_run,0.1697777777777778,3
2022,Mexico City Grand Prix,Ferrari,balanced,0.8826666666666666,3
2022,Mexico City Grand Prix,Ferrari,long_run,0.8142222222222222,3
2022,Mexico City Grand Prix,Ferrari,short_run,0.7937777777777778,3
2022,Mexico City Grand Prix,Haas F1 Team,balanced,0.32711111111111113,3
2022,Mexico City Grand Prix,Haas F1 Team,long_run,0.04444444444444447,3
2022,Mexico City Grand Prix,Haas F1 Team,short_run,0.3555555555555555,3
2022,Mexico City Grand Prix,McLaren,balanced,0.4177777777777778,3
2022,Mexico City Grand Prix,McLaren,long_run,0.34311111111111114,3
2022,Mexico City Grand Prix,McLaren,short_run,0.5066666666666666,3
2022,Mexico City Grand Prix,Mercedes,balanced,0.6391111111111111,3
2022,Mexico City Grand Prix,Mercedes,long_run,0.7013333333333334,3
2022,Mexico City Grand Prix,Mercedes,short_run,0.5502222222222223,3
2022,Mexico City Grand Prix,Red Bull Racing,balanced,0.8240000000000001,3
2022,Mexico City Grand Prix,Red Bull Racing,long_run,0.8906666666666666,3
2022,Mexico City Grand Prix,Red Bull Racing,short_run,0.8604444444444445,3
2022,Mexico City Grand Prix,Williams,balanced,0.2968888888888889,3
2022,Mexico City Grand Prix,Williams,long_run,0.3635555555555556,3
2022,Mexico City Grand Prix,Williams,short_run,0.20000000000000004,3
2022,Miami Grand Prix,Alfa Romeo,balanced,0.6586666666666667,3
2022,Miami Grand Prix,Alfa Romeo,long_run,0.6222222222222223,3
2022,Miami Grand Prix,Alfa Romeo,short_run,0.43466666666666665,3
2022,Miami Grand Prix,AlphaTauri,balanced,0.33333333333333337,3
2022,Miami Grand Prix,AlphaTauri,long_run,0.376,3
2022,Miami Grand Prix,AlphaTauri,short_run,0.1697777777777778,3
2022,Miami Grand Prix,Alpine,balanced,0.5902222222222223,3
2022,Miami Grand Prix,Alpine,long_run,0.5537777777777778,3
2022,Miami Grand Prix,Alpine,short_run,0.6808888888888889,3
2022,Miami Grand Prix,Aston Martin,balanced,0.5706666666666667,3
2022,Miami Grand Prix,Aston Martin,long_run,0.4017777777777778,3
2022,Miami Grand Prix,Aston Martin,short_run,0.5315555555555556,3
2022,Miami Grand Prix,Ferrari,balanced,0.9333333333333332,3
2022,Miami Grand Prix,Ferrari,long_run,0.8666666666666668,3
2022,Miami Grand Prix,Ferrari,short_run,0.9031111111111111,3
2022,Miami Grand Prix,Haas F1 Team,balanced,0.2968888888888889,3
2022,Miami Grand Prix,Haas F1 Team,long_run,0.4906666666666667,3
2022,Miami Grand Prix,Haas F1 Team,short_run,0.44800000000000006,3
2022,Miami Grand Prix,McLaren,balanced,0.2311111111111111,3
2022,Miami Grand Prix,McLaren,long_run,0.2728888888888889,3
2022,Miami Grand Prix,McLaren,short_run,0.29066666666666674,3
2022,Miami Grand Prix,Mercedes,balanced,0.5955555555555556,3
2022,Miami Grand Prix,Mercedes,long_run,0.4462222222222222,3
2022,Miami Grand Prix,Mercedes,short_run,0.6462222222222223,3
2022,Miami Grand Prix,Red Bull Racing,balanced,0.6728888888888889,3
2022,Miami Grand Prix,Red Bull Racing,long_run,0.888888888888889,3
2022,Miami Grand Prix,Red Bull Racing,short_run,0.7777777777777778,3
2022,Miami Grand Prix,Williams,balanced,0.11733333333333333,3
2022,Miami Grand Prix,Williams,long_run,0.08088888888888893,3
2022,Miami Grand Prix,Williams,short_run,0.11733333333333333,3
2022,Monaco Grand Prix,Alfa Romeo,balanced,0.2604444444444445,3
2022,Monaco Grand Prix,Alfa Romeo,long_run,0.5031111111111113,3
2022,Monaco Grand Prix,Alfa Romeo,short_run,0.08888888888888888,3
2022,Monaco Grand Prix,AlphaTauri,balanced,0.6684444444444445,3
2022,Monaco Grand Prix,AlphaTauri,long_run,0.5937777777777778,3
2022,Monaco Grand Prix,AlphaTauri,short_run,0.5955555555555556,3
2022,Monaco Grand Prix,Alpine,balanced,0.3288888888888889,3
2022,Monaco Grand Prix,Alpine,long_run,0.26844444444444443,3
2022,Monaco Grand Prix,Alpine,short_run,0.576,3
2022,Monaco Grand Prix,Aston Martin,balanced,0.33155555555555555,3
2022,Monaco Grand Prix,Aston Martin,long_run,0.11111111111111116,3
2022,Monaco Grand Prix,Aston Martin,short_run,0.5031111111111112,3
2022,Monaco Grand Prix,Ferrari,balanced,0.9253333333333333,3
2022,Monaco Grand Prix,Ferrari,long_run,0.9635555555555555,3
2022,Monaco Grand Prix,Ferrari,short_run,0.9697777777777776,3
2022,Monaco Grand Prix,Haas F1 Team,balanced,0.4408888888888889,3
2022,Monaco Grand Prix,Haas F1 Team,long_run,0.40444444444444444,3
2022,Monaco Grand Prix,Haas F1 Team,short_run,0.3902222222222222,3
2022,Monaco Grand Prix,McLaren,balanced,0.41244444444444445,3
2022,Monaco Grand Prix,McLaren,long_run,0.376,3
2022,Monaco Grand Prix,McLaren,short_run,0.42044444444444445,3
2022,Monaco Grand Prix,Mercedes,balanced,0.5573333333333335,3
2022,Monaco Grand Prix,Mercedes,long_run,0.5955555555555556,3
2022,Monaco Grand Prix,Mercedes,short_run,0.6222222222222223,3
2022,Monaco Grand Prix,Red Bull Racing,balanced,0.9271111111111111,3
2022,Monaco Grand Prix,Red Bull Racing,long_run,0.9253333333333333,3
2022,Monaco Grand Prix,Red Bull Racing,short_run,0.7368888888888889,3
2022,Monaco Grand Prix,Williams,balanced,0.14755555555555558,3
2022,Monaco Grand Prix,Williams,long_run,0.2586666666666667,3
2022,Monaco Grand Prix,Williams,short_run,0.0968888888888889,3
2022,Singapore Grand Prix,Alfa Romeo,balanced,0.24296296296296294,2
2022,Singapore Grand Prix,Alfa Romeo,long_run,0.32296296296296295,2
2022,Singapore Grand Prix,Alfa Romeo,short_run,0.3037037037037037,2
2022,Singapore Grand Prix,AlphaTauri,balanced,0.45481481481481484,2
2022,Singapore Grand Prix,AlphaTauri,long_run,0.5762962962962963,2
2022,Singapore Grand Prix,AlphaTauri,short_run,0.5451851851851852,2
2022,Singapore Grand Prix,Alpine,balanced,0.7777777777777778,2
2022,Singapore Grand Prix,Alpine,long_run,0.5955555555555555,2
2022,Singapore Grand Prix,Alpine,short_run,0.677037037037037,2
2022,Singapore Grand Prix,Aston Martin,balanced,0.6162962962962965,2
2022,Singapore Grand Prix,Aston Martin,long_run,0.4844444444444445,2
2022,Singapore Grand Prix,Aston Martin,short_run,0.5155555555555557,2
2022,Singapore Grand Prix,Ferrari,balanced,0.9496296296296296,2
2022,Singapore Grand Prix,Ferrari,long_run,0.9496296296296296,2
2022,Singapore Grand Prix,Ferrari,short_run,0.8888888888888888,2
2022,Singapore Grand Prix,Haas F1 Team,balanced,0.362962962962963,2
2022,Singapore Grand Prix,Haas F1 Team,long_run,0.0,2
2022,Singapore Grand Prix,Haas F1 Team,short_run,0.32296296296296295,2
2022,Singapore Grand Prix,McLaren,balanced,0.20148148148148148,2
2022,Singapore Grand Prix,McLaren,long_run,0.5555555555555556,2
2022,Singapore Grand Prix,McLaren,short_run,0.10074074074074074,2
2022,Singapore Grand Prix,Mercedes,balanced,0.5362962962962963,2
2022,Singapore Grand Prix,Mercedes,long_run,0.4651851851851852,2
2022,Singapore Grand Prix,Mercedes,short_run,0.8992592592592592,2
2022,Singapore Grand Prix,Red Bull Racing,balanced,0.6355555555555555,2
2022,Singapore Grand Prix,Red Bull Racing,long_run,0.9392592592592592,2
2022,Singapore Grand Prix,Red Bull Racing,short_run,0.6355555555555555,2
2022,Singapore Grand Prix,Williams,balanced,0.2222222222222222,2
2022,Singapore Grand Prix,Williams,long_run,0.11111111111111116,2
2022,Singapore Grand Prix,Williams,short_run,0.11111111111111116,2
2022,Spanish Grand Prix,Alfa Romeo,balanced,0.5235555555555556,3
2022,Spanish Grand Prix,Alfa Romeo,long_run,0.5111111111111112,3
2022,Spanish Grand Prix,Alfa Romeo,short_run,0.648,3
2022,Spanish Grand Prix,AlphaTauri,balanced,0.6204444444444445,3
2022,Spanish Grand Prix,AlphaTauri,long_run,0.3591111111111111,3
2022,Spanish Grand Prix,AlphaTauri,short_run,0.392,3
2022,Spanish Grand Prix,Alpine,balanced,0.6853333333333333,3
2022,Spanish Grand Prix,Alpine,long_run,0.5333333333333334,3
2022,Spanish Grand Prix,Alpine,short_run,0.6106666666666667,3
2022,Spanish Grand Prix,Aston Martin,balanced,0.14933333333333332,3
2022,Spanish Grand Prix,Aston Martin,long_run,0.4666666666666667,3
2022,Spanish Grand Prix,Aston Martin,short_run,0.1697777777777778,3
2022,Spanish Grand Prix,Ferrari,balanced,0.49688888888888894,3
2022,Spanish Grand Prix,Ferrari,long_run,0.4000000000000001,3
2022,Spanish Grand Prix,Ferrari,short_run,0.7982222222222222,3
2022,Spanish Grand Prix,Haas F1 Team,balanced,0.5351111111111112,3
2022,Spanish Grand Prix,Haas F1 Team,long_run,0.3368888888888889,3
2022,Spanish Grand Prix,Haas F1 Team,short_run,0.38755555555555554,3
2022,Spanish Grand Prix,McLaren,balanced,0.47022222222222226,3
2022,Spanish Grand Prix,McLaren,long_run,0.5804444444444444,3
2022,Spanish Grand Prix,McLaren,short_run,0.3591111111111111,3
2022,Spanish Grand Prix,Mercedes,balanced,0.5937777777777777,3
2022,Spanish Grand Prix,Mercedes,long_run,0.8826666666666666,3
2022,Spanish Grand Prix,Mercedes,short_run,0.7093333333333334,3
2022,Spanish Grand Prix,Red Bull Racing,balanced,0.6826666666666666,3
2022,Spanish Grand Prix,Red Bull Racing,long_run,0.752,3
2022,Spanish Grand Prix,Red Bull Racing,short_run,0.7777777777777779,3
2022,Spanish Grand Prix,Williams,balanced,0.24266666666666667,3
2022,Spanish Grand Prix,Williams,long_run,0.17777777777777776,3
2022,Spanish Grand Prix,Williams,short_run,0.14755555555555558,3
2022,United States Grand Prix,Alfa Romeo,balanced,0.176,3
2022,United States Grand Prix,Alfa Romeo,long_run,0.5253333333333334,3
2022,United States Grand Prix,Alfa Romeo,short_run,0.14577777777777776,3
2022,United States Grand Prix,AlphaTauri,balanced,0.5875555555555556,3
2022,United States Grand Prix,AlphaTauri,long_run,0.6097777777777778,3
2022,United States Grand Prix,AlphaTauri,short_run,0.5271111111111111,3
2022,United States Grand Prix,Alpine,balanced,0.5955555555555556,3
2022,United States Grand Prix,Alpine,long_run,0.3777777777777778,3
2022,United States Grand Prix,Alpine,short_run,0.5813333333333334,3
2022,United States Grand Prix,Aston Martin,balanced,0.48266666666666663,3
2022,United States Grand Prix,Aston Martin,long_run,0.42844444444444446,3
2022,United States Grand Prix,Aston Martin,short_run,0.528888888888889,3
2022,United States Grand Prix,Ferrari,balanced,0.7475555555555555,3
2022,United States Grand Prix,Ferrari,long_run,0.5395555555555556,3
2022,United States Grand Prix,Ferrari,short_run,0.9555555555555555,3
2022,United States Grand Prix,Haas F1 Team,balanced,0.5573333333333335,3
2022,United States Grand Prix,Haas F1 Team,long_run,0.2746666666666667,3
2022,United States Grand Prix,Haas F1 Team,short_run,0.4826666666666667,3
2022,United States Grand Prix,McLaren,balanced,0.6346666666666667,3
2022,United States Grand Prix,McLaren,long_run,0.576,3
2022,United States Grand Prix,McLaren,short_run,0.5599999999999999,3
2022,United States Grand Prix,Mercedes,balanced,0.3075555555555556,3
2022,United States Grand Prix,Mercedes,long_run,0.5093333333333334,3
2022,United States Grand Prix,Mercedes,short_run,0.33777777777777784,3
2022,United States Grand Prix,Red Bull Racing,balanced,0.8062222222222222,3
2022,United States Grand Prix,Red Bull Racing,long_run,0.8906666666666666,3
2022,United States Grand Prix,Red Bull Racing,short_run,0.776,3
2022,United States Grand Prix,Williams,balanced,0.10488888888888889,3
2022,United States Grand Prix,Williams,long_run,0.26844444444444443,3
2022,United States Grand Prix,Williams,short_run,0.10488888888888889,3
2023,Australian Grand Prix,Alfa Romeo,balanced,0.4206349206349206,2
2023,Australian Grand Prix,Alfa Romeo,long_run,0.3095238095238095,2
2023,Australian Grand Prix,Alfa Romeo,short_run,0.44444444444444436,2
2023,Australian Grand Prix,AlphaTauri,balanced,0.5343915343915343,2
2023,Australian Grand Prix,AlphaTauri,long_run,0.6005291005291005,2
2023,Australian Grand Prix,AlphaTauri,short_run,0.19841269841269843,2
2023,Australian Grand Prix,Alpine,balanced,0.9550264550264549,2
2023,Australian Grand Prix,Alpine,long_run,0.82010582010582,2
2023,Australian Grand Prix,Alpine,short_run,0.37566137566137564,2
2023,Australian Grand Prix,Aston Martin,balanced,0.5291005291005291,2
2023,Australian Grand Prix,Aston Martin,long_run,0.5291005291005291,2
2023,Australian Grand Prix,Aston Martin,short_run,0.619047619047619,2
2023,Australian Grand Prix,Ferrari,balanced,0.40476190476190477,2
2023,Australian Grand Prix,Ferrari,long_run,0.5317460317460317,2
2023,Australian Grand Prix,Ferrari,short_run,0.40476190476190477,2
2023,Australian Grand Prix,Haas F1 Team,balanced,0.31216931216931215,2
2023,Australian Grand Prix,Haas F1 Team,long_run,0.08994708994708994,2
2023,Australian Grand Prix,Haas F1 Team,short_run,0.40211640211640215,2
2023,Australian Grand Prix,McLaren,balanced,0.11111111111111116,2
2023,Australian Grand Prix,McLaren,long_run,0.49206349206349204,2
2023,Australian Grand Prix,McLaren,short_run,0.20105820105820107,2
2023,Australian Grand Prix,Mercedes,balanced,0.3333333333333333,2
2023,Australian Grand Prix,Mercedes,long_run,0.5132275132275133,2
2023,Australian Grand Prix,Mercedes,short_run,0.6216931216931216,2
2023,Australian Grand Prix,Red Bull Racing,balanced,0.6216931216931216,2
2023,Australian Grand Prix,Red Bull Racing,long_run,0.47089947089947093,2
2023,Australian Grand Prix,Red Bull Racing,short_run,0.91005291005291,2
2023,Australian Grand Prix,Williams,balanced,0.7777777777777777,2
2023,Australian Grand Prix,Williams,long_run,0.6428571428571428,2
2023,Australian Grand Prix,Williams,short_run,0.8227513227513227,2
2023,Bahrain Grand Prix,Alfa Romeo,balanced,0.6444444444444445,3
2023,Bahrain Grand Prix,Alfa Romeo,long_run,0.31466666666666676,3
2023,Bahrain Grand Prix,Alfa Romeo,short_run,0.5413333333333334,3
2023,Bahrain Grand Prix,AlphaTauri,balanced,0.43466666666666665,3
2023,Bahrain Grand Prix,AlphaTauri,long_run,0.4017777777777778,3
2023,Bahrain Grand Prix,AlphaTauri,short_run,0.37422222222222223,3
2023,Bahrain Grand Prix,Alpine,balanced,0.7617777777777778,3
2023,Bahrain Grand Prix,Alpine,long_run,0.8302222222222223,3
2023,Bahrain Grand Prix,Alpine,short_run,0.7013333333333334,3
2023,Bahrain Grand Prix,Aston Martin,balanced,0.9635555555555555,3
2023,Bahrain Grand Prix,Aston Martin,long_run,0.8302222222222223,3
2023,Bahrain Grand Prix,Aston Martin,short_run,0.9635555555555555,3
2023,Bahrain Grand Prix,Ferrari,balanced,0.41600000000000004,3
2023,Bahrain Grand Prix,Ferrari,long_run,0.5662222222222223,3
2023,Bahrain Grand Prix,Ferrari,short_run,0.41600000000000004,3
2023,Bahrain Grand Prix,Haas F1 Team,balanced,0.22044444444444444,3
2023,Bahrain Grand Prix,Haas F1 Team,long_run,0.12711111111111112,3
2023,Bahrain Grand Prix,Haas F1 Team,short_run,0.08088888888888893,3
2023,Bahrain Grand Prix,McLaren,balanced,0.5333333333333334,3
2023,Bahrain Grand Prix,McLaren,long_run,0.3191111111111111,3
2023,Bahrain Grand Prix,McLaren,short_run,0.4604444444444445,3
2023,Bahrain Grand Prix,Mercedes,balanced,0.3511111111111111,3
2023,Bahrain Grand Prix,Mercedes,long_run,0.7795555555555556,3
2023,Bahrain Grand Prix,Mercedes,short_run,0.31466666666666665,3
2023,Bahrain Grand Prix,Red Bull Racing,balanced,0.33955555555555555,3
2023,Bahrain Grand Prix,Red Bull Racing,long_run,0.6106666666666667,3
2023,Bahrain Grand Prix,Red Bull Racing,short_run,0.696888888888889,3
2023,Bahrain Grand Prix,Williams,balanced,0.3351111111111111,3
2023,Bahrain Grand Prix,Williams,long_run,0.22044444444444444,3
2023,Bahrain Grand Prix,Williams,short_run,0.45066666666666666,3
2023,Saudi Arabian Grand Prix,Alfa Romeo,balanced,0.0666666666666667,3
2023,Saudi Arabian Grand Prix,Alfa Romeo,long_run,0.4471111111111111,3
2023,Saudi Arabian Grand Prix,Alfa Romeo,short_run,0.03022222222222224,3
2023,Saudi Arabian Grand Prix,AlphaTauri,balanced,0.20977777777777779,3
2023,Saudi Arabian Grand Prix,AlphaTauri,long_run,0.43200000000000005,3
2023,Saudi Arabian Grand Prix,AlphaTauri,short_run,0.3128888888888889,3
2023,Saudi Arabian Grand Prix,Alpine,balanced,0.5955555555555556,3
2023,Saudi Arabian Grand Prix,Alpine,long_run,0.6888888888888889,3
2023,Saudi Arabian Grand Prix,Alpine,short_run,0.7697777777777778,3
2023,Saudi Arabian Grand Prix,Aston Martin,balanced,0.8,3
2023,Saudi Arabian Grand Prix,Aston Martin,long_run,0.4844444444444445,3
2023,Saudi Arabian Grand Prix,Aston Martin,short_run,0.808,3
2023,Saudi Arabian Grand Prix,Ferrari,balanced,0.4488888888888889,3
2023,Saudi Arabian Grand Prix,Ferrari,long_run,0.6524444444444446,3
2023,Saudi Arabian Grand Prix,Ferrari,short_run,0.41244444444444445,3
2023,Saudi Arabian Grand Prix,Haas F1 Team,balanced,0.3413333333333334,3
2023,Saudi Arabian Grand Prix,Haas F1 Team,long_run,0.10488888888888889,3
2023,Saudi Arabian Grand Prix,Haas F1 Team,short_run,0.3111111111111111,3
2023,Saudi Arabian Grand Prix,McLaren,balanced,0.42222222222222233,3
2023,Saudi Arabian Grand Prix,McLaren,long_run,0.41244444444444445,3
2023,Saudi Arabian Grand Prix,McLaren,short_run,0.3493333333333334,3
2023,Saudi Arabian Grand Prix,Mercedes,balanced,0.5742222222222223,3
2023,Saudi Arabian Grand Prix,Mercedes,long_run,0.4568888888888889,3
2023,Saudi Arabian Grand Prix,Mercedes,short_run,0.4648888888888889,3
2023,Saudi Arabian Grand Prix,Red Bull Racing,balanced,1.0,3
2023,Saudi Arabian Grand Prix,Red Bull Racing,long_run,0.9271111111111111,3
2023,Saudi Arabian Grand Prix,Red Bull Racing,short_run,1.0,3
2023,Saudi Arabian Grand Prix,Williams,balanced,0.5413333333333334,3
2023,Saudi Arabian Grand Prix,Williams,long_run,0.39377777777777784,3
2023,Saudi Arabian Grand Prix,Williams,short_run,0.5413333333333334,3
2024,Australian Grand Prix,Alpine,balanced,0.28711111111111115,3
2024,Australian Grand Prix,Alpine,long_run,0.24266666666666667,3
2024,Australian Grand Prix,Alpine,short_run,0.33777777777777784,3
2024,Australian Grand Prix,Aston Martin,balanced,0.7093333333333334,3
2024,Australian Grand Prix,Aston Martin,long_run,0.5333333333333334,3
2024,Australian Grand Prix,Aston Martin,short_run,0.4746666666666666,3
2024,Australian Grand Prix,Ferrari,balanced,0.7511111111111111,3
2024,Australian Grand Prix,Ferrari,long_run,0.7937777777777778,3
2024,Australian Grand Prix,Ferrari,short_run,0.9395555555555555,3
2024,Australian Grand Prix,Haas F1 Team,balanced,0.4142222222222222,3
2024,Australian Grand Prix,Haas F1 Team,long_run,0.27466666666666667,3
2024,Australian Grand Prix,Haas F1 Team,short_run,0.33333333333333337,3
2024,Australian Grand Prix,Kick Sauber,balanced,0.0,3
2024,Australian Grand Prix,Kick Sauber,long_run,0.0746666666666667,3
2024,Australian Grand Prix,Kick Sauber,short_run,0.03644444444444446,3
2024,Australian Grand Prix,McLaren,balanced,0.7111111111111112,3
2024,Australian Grand Prix,McLaren,long_run,0.784,3
2024,Australian Grand Prix,McLaren,short_run,0.7031111111111111,3
2024,Australian Grand Prix,Mercedes,balanced,0.8044444444444444,3
2024,Australian Grand Prix,Mercedes,long_run,0.6648888888888889,3
2024,Australian Grand Prix,Mercedes,short_run,0.6586666666666666,3
2024,Australian Grand Prix,RB,balanced,0.3368888888888889,3
2024,Australian Grand Prix,RB,long_run,0.5368888888888889,3
2024,Australian Grand Prix,RB,short_run,0.608,3
2024,Australian Grand Prix,Red Bull Racing,balanced,0.5671111111111111,3
2024,Australian Grand Prix,Red Bull Racing,long_run,0.5271111111111111,3
2024,Australian Grand Prix,Red Bull Racing,short_run,0.5528888888888889,3
2024,Australian Grand Prix,Williams,balanced,0.41866666666666674,3
2024,Australian Grand Prix,Williams,long_run,0.568,3
2024,Australian Grand Prix,Williams,short_run,0.3555555555555555,3
2024,Bahrain Grand Prix,Alpine,balanced,0.4995555555555555,3
2024,Bahrain Grand Prix,Alpine,long_run,0.26844444444444443,3
2024,Bahrain Grand Prix,Alpine,short_run,0.28088888888888885,3
2024,Bahrain Grand Prix,Aston Martin,balanced,0.719111111111111,3
2024,Bahrain Grand Prix,Aston Martin,long_run,0.7795555555555556,3
2024,Bahrain Grand Prix,Aston Martin,short_run,0.8044444444444444,3
2024,Bahrain Grand Prix,Ferrari,balanced,0.47822222222222227,3
2024,Bahrain Grand Prix,Ferrari,long_run,0.696888888888889,3
2024,Bahrain Grand Prix,Ferrari,short_run,0.7093333333333334,3
2024,Bahrain Grand Prix,Haas F1 Team,balanced,0.4613333333333333,3
2024,Bahrain Grand Prix,Haas F1 Team,long_run,0.32533333333333336,3
2024,Bahrain Grand Prix,Haas F1 Team,short_run,0.24266666666666667,3
2024,Bahrain Grand Prix,Kick Sauber,balanced,0.29688888888888887,3
2024,Bahrain Grand Prix,Kick Sauber,long_run,0.2746666666666667,3
2024,Bahrain Grand Prix,Kick Sauber,short_run,0.12711111111111112,3
2024,Bahrain Grand Prix,McLaren,balanced,0.24444444444444452,3
2024,Bahrain Grand Prix,McLaren,long_run,0.48533333333333334,3
2024,Bahrain Grand Prix,McLaren,short_run,0.25600000000000006,3
2024,Bahrain Grand Prix,Mercedes,balanced,0.24622222222222226,3
2024,Bahrain Grand Prix,Mercedes,long_run,0.5662222222222223,3
2024,Bahrain Grand Prix,Mercedes,short_run,0.4524444444444445,3
2024,Bahrain Grand Prix,RB,balanced,0.8017777777777779,3
2024,Bahrain Grand Prix,RB,long_run,0.6177777777777778,3
2024,Bahrain Grand Prix,RB,short_run,0.7288888888888889,3
2024,Bahrain Grand Prix,Red Bull Racing,balanced,0.7146666666666667,3
2024,Bahrain Grand Prix,Red Bull Racing,long_run,0.6,3
2024,Bahrain Grand Prix,Red Bull Racing,short_run,0.896888888888889,3
2024,Bahrain Grand Prix,Williams,balanced,0.5377777777777778,3
2024,Bahrain Grand Prix,Williams,long_run,0.3857777777777778,3
2024,Bahrain Grand Prix,Williams,short_run,0.5013333333333334,3
2024,Japanese Grand Prix,Alpine,balanced,0.3923809523809524,3
2024,Japanese Grand Prix,Alpine,long_run,0.571936507936508,3
2024,Japanese Grand Prix,Alpine,short_run,0.2572698412698413,3
2024,Japanese Grand Prix,Aston Martin,balanced,0.6666666666666666,2
2024,Japanese Grand Prix,Aston Martin,long_run,0.5105820105820105,2
2024,Japanese Grand Prix,Aston Martin,short_run,0.48941798941798936,2
2024,Japanese Grand Prix,Ferrari,balanced,0.6805079365079365,3
2024,Japanese Grand Prix,Ferrari,long_run,0.6093968253968255,3
2024,Japanese Grand Prix,Ferrari,short_run,0.636063492063492,3
2024,Japanese Grand Prix,Haas F1 Team,balanced,0.3627936507936508,3
2024,Japanese Grand Prix,Haas F1 Team,long_run,0.48190476190476195,3
2024,Japanese Grand Prix,Haas F1 Team,short_run,0.22946031746031745,3
2024,Japanese Grand Prix,Kick Sauber,balanced,0.197968253968254,3
2024,Japanese Grand Prix,Kick Sauber,long_run,0.13752380952380955,3
2024,Japanese Grand Prix,Kick Sauber,short_run,0.4344126984126985,3
2024,Japanese Grand Prix,McLaren,balanced,0.4471111111111111,3
2024,Japanese Grand Prix,McLaren,long_run,0.3255873015873016,3
2024,Japanese Grand Prix,McLaren,short_run,0.9093333333333333,3
2024,Japanese Grand Prix,Mercedes,balanced,0.5371428571428571,3
2024,Japanese Grand Prix,Mercedes,long_run,0.6871111111111111,3
2024,Japanese Grand Prix,Mercedes,short_run,0.49269841269841275,3
2024,Japanese Grand Prix,RB,balanced,0.7705396825396825,3
2024,Japanese Grand Prix,RB,long_run,0.7385396825396826,3
2024,Japanese Grand Prix,RB,short_run,0.6816507936507936,3
2024,Japanese Grand Prix,Red Bull Racing,balanced,0.9550264550264549,2
2024,Japanese Grand Prix,Red Bull Racing,long_run,0.537037037037037,2
2024,Japanese Grand Prix,Red Bull Racing,short_run,0.8888888888888887,2
2024,Japanese Grand Prix,Williams,balanced,0.19377777777777777,3
2024,Japanese Grand Prix,Williams,long_run,0.41600000000000004,3
2024,Japanese Grand Prix,Williams,short_run,0.10488888888888889,3
2024,Saudi Arabian Grand Prix,Alpine,balanced,0.27022222222222225,3
2024,Saudi Arabian Grand Prix,Alpine,long_run,0.3128888888888889,3
2024,Saudi Arabian Grand Prix,Alpine,short_run,0.2764444444444445,3
2024,Saudi Arabian Grand Prix,Aston Martin,balanced,0.9253333333333333,3
2024,Saudi Arabian Grand Prix,Aston Martin,long_run,0.7795555555555556,3
2024,Saudi Arabian Grand Prix,Aston Martin,short_run,0.888888888888889,3
2024,Saudi Arabian Grand Prix,Ferrari,balanced,0.6808888888888889,3
2024,Saudi Arabian Grand Prix,Ferrari,long_run,0.5635555555555557,3
2024,Saudi Arabian Grand Prix,Ferrari,short_run,0.6444444444444445,3
2024,Saudi Arabian Grand Prix,Haas F1 Team,balanced,0.20000000000000004,3
2024,Saudi Arabian Grand Prix,Haas F1 Team,long_run,0.4062222222222223,3
2024,Saudi Arabian Grand Prix,Haas F1 Team,short_run,0.1635555555555556,3
2024,Saudi Arabian Grand Prix,Kick Sauber,balanced,0.2604444444444445,3
2024,Saudi Arabian Grand Prix,Kick Sauber,long_run,0.09066666666666669,3
2024,Saudi Arabian Grand Prix,Kick Sauber,short_run,0.19377777777777777,3
2024,Saudi Arabian Grand Prix,McLaren,balanced,0.5822222222222223,3
2024,Saudi Arabian Grand Prix,McLaren,long_run,0.6995555555555555,3
2024,Saudi Arabian Grand Prix,McLaren,short_run,0.5395555555555556,3
2024,Saudi Arabian Grand Prix,Mercedes,balanced,0.5297777777777778,3
2024,Saudi Arabian Grand Prix,Mercedes,long_run,0.7857777777777778,3
2024,Saudi Arabian Grand Prix,Mercedes,short_run,0.4568888888888889,3
2024,Saudi Arabian Grand Prix,RB,balanced,0.49511111111111117,3
2024,Saudi Arabian Grand Prix,RB,long_run,0.26222222222222225,3
2024,Saudi Arabian Grand Prix,RB,short_run,0.5013333333333334,3
2024,Saudi Arabian Grand Prix,Red Bull Racing,balanced,0.5937777777777777,3
2024,Saudi Arabian Grand Prix,Red Bull Racing,long_run,0.6551111111111111,3
2024,Saudi Arabian Grand Prix,Red Bull Racing,short_run,0.9093333333333333,3
2024,Saudi Arabian Grand Prix,Williams,balanced,0.46222222222222226,3
2024,Saudi Arabian Grand Prix,Williams,long_run,0.4444444444444445,3
2024,Saudi Arabian Grand Prix,Williams,short_run,0.4257777777777778,3
2025,Abu Dhabi Grand Prix,Alpine,balanced,0.2951111111111111,3
2025,Abu Dhabi Grand Prix,Alpine,long_run,0.20177777777777778,3
2025,Abu Dhabi Grand Prix,Alpine,short_run,0.2586666666666667,3
2025,Abu Dhabi Grand Prix,Aston Martin,balanced,0.5582222222222223,3
2025,Abu Dhabi Grand Prix,Aston Martin,long_run,0.8791111111111111,3
2025,Abu Dhabi Grand Prix,Aston Martin,short_run,0.4488888888888889,3
2025,Abu Dhabi Grand Prix,Ferrari,balanced,0.2177777777777778,3
2025,Abu Dhabi Grand Prix,Ferrari,long_run,0.4497777777777777,3
2025,Abu Dhabi Grand Prix,Ferrari,short_run,0.3822222222222222,3
2025,Abu Dhabi Grand Prix,Haas F1 Team,balanced,0.6711111111111111,3
2025,Abu Dhabi Grand Prix,Haas F1 Team,long_run,0.5813333333333334,3
2025,Abu Dhabi Grand Prix,Haas F1 Team,short_run,0.5804444444444444,3
2025,Abu Dhabi Grand Prix,Kick Sauber,balanced,0.5955555555555556,3
2025,Abu Dhabi Grand Prix,Kick Sauber,long_run,0.4648888888888889,3
2025,Abu Dhabi Grand Prix,Kick Sauber,short_run,0.6257777777777778,3
2025,Abu Dhabi Grand Prix,McLaren,balanced,0.6275555555555556,3
2025,Abu Dhabi Grand Prix,McLaren,long_run,0.5031111111111111,3
2025,Abu Dhabi Grand Prix,McLaren,short_run,0.6115555555555556,3
2025,Abu Dhabi Grand Prix,Mercedes,balanced,0.7697777777777779,3
2025,Abu Dhabi Grand Prix,Mercedes,long_run,0.27911111111111114,3
2025,Abu Dhabi Grand Prix,Mercedes,short_run,0.7315555555555555,3
2025,Abu Dhabi Grand Prix,Racing Bulls,balanced,0.2728888888888889,3
2025,Abu Dhabi Grand Prix,Racing Bulls,long_run,0.6204444444444445,3
2025,Abu Dhabi Grand Prix,Racing Bulls,short_run,0.4417777777777778,3
2025,Abu Dhabi Grand Prix,Red Bull Racing,balanced,0.45066666666666666,3
2025,Abu Dhabi Grand Prix,Red Bull Racing,long_run,0.49511111111111117,3
2025,Abu Dhabi Grand Prix,Red Bull Racing,short_run,0.4746666666666666,3
2025,Abu Dhabi Grand Prix,Williams,balanced,0.5413333333333334,3
2025,Abu Dhabi Grand Prix,Williams,long_run,0.5253333333333334,3
2025,Abu Dhabi Grand Prix,Williams,short_run,0.44444444444444453,3
2025,Australian Grand Prix,Alpine,balanced,0.3697777777777778,3
2025,Australian Grand Prix,Alpine,long_run,0.34755555555555556,3
2025,Australian Grand Prix,Alpine,short_run,0.5395555555555556,3
2025,Australian Grand Prix,Aston Martin,balanced,0.376,3
2025,Australian Grand Prix,Aston Martin,long_run,0.3715555555555556,3
2025,Australian Grand Prix,Aston Martin,short_run,0.23644444444444446,3
2025,Australian Grand Prix,Ferrari,balanced,0.792,3
2025,Australian Grand Prix,Ferrari,long_run,0.8826666666666666,3
2025,Australian Grand Prix,Ferrari,short_run,0.792,3
2025,Australian Grand Prix,Haas F1 Team,balanced,0.17777777777777778,3
2025,Australian Grand Prix,Haas F1 Team,long_run,0.10311111111111111,3
2025,Australian Grand Prix,Haas F1 Team,short_run,0.28711111111111115,3
2025,Australian Grand Prix,Kick Sauber,balanced,0.36,3
2025,Australian Grand Prix,Kick Sauber,long_run,0.1697777777777778,3
2025,Australian Grand Prix,Kick Sauber,short_run,0.25066666666666665,3
2025,Australian Grand Prix,McLaren,balanced,0.6115555555555556,3
2025,Australian Grand Prix,McLaren,long_run,0.7555555555555555,3
2025,Australian Grand Prix,McLaren,short_run,0.6115555555555556,3
2025,Australian Grand Prix,Mercedes,balanced,0.7555555555555556,3
2025,Australian Grand Prix,Mercedes,long_run,0.8488888888888889,3
2025,Australian Grand Prix,Mercedes,short_run,0.6462222222222223,3
2025,Australian Grand Prix,Racing Bulls,balanced,0.4062222222222223,3
2025,Australian Grand Prix,Racing Bulls,long_run,0.584,3
2025,Australian Grand Prix,Racing Bulls,short_run,0.5884444444444444,3
2025,Australian Grand Prix,Red Bull Racing,balanced,0.5315555555555556,3
2025,Australian Grand Prix,Red Bull Racing,long_run,0.24000000000000005,3
2025,Australian Grand Prix,Red Bull Racing,short_run,0.42844444444444446,3
2025,Australian Grand Prix,Williams,balanced,0.6195555555555556,3
2025,Australian Grand Prix,Williams,long_run,0.696888888888889,3
2025,Australian Grand Prix,Williams,short_run,0.6195555555555556,3
2025,Austrian Grand Prix,Alpine,balanced,0.0746666666666667,3
2025,Austrian Grand Prix,Alpine,long_run,0.26222222222222225,3
2025,Austrian Grand Prix,Alpine,short_run,0.26222222222222225,3
2025,Austrian Grand Prix,Aston Martin,balanced,0.6888888888888889,3
2025,Austrian Grand Prix,Aston Martin,long_run,0.5715555555555556,3
2025,Austrian Grand Prix,Aston Martin,short_run,0.5875555555555556,3
2025,Austrian Grand Prix,Ferrari,balanced,0.3884444444444444,3
2025,Austrian Grand Prix,Ferrari,long_run,0.9253333333333333,3
2025,Austrian Grand Prix,Ferrari,short_run,0.2915555555555555,3
2025,Austrian Grand Prix,Haas F1 Team,balanced,0.5031111111111113,3
2025,Austrian Grand Prix,Haas F1 Team,long_run,0.22222222222222224,3
2025,Austrian Grand Prix,Haas F1 Team,short_run,0.25244444444444447,3
2025,Austrian Grand Prix,Kick Sauber,balanced,0.4604444444444445,3
2025,Austrian Grand Prix,Kick Sauber,long_run,0.3982222222222222,3
2025,Austrian Grand Prix,Kick Sauber,short_run,0.392,3
2025,Austrian Grand Prix,McLaren,balanced,0.9635555555555555,3
2025,Austrian Grand Prix,McLaren,long_run,0.6791111111111111,3
2025,Austrian Grand Prix,McLaren,short_run,0.9395555555555555,3
2025,Austrian Grand Prix,Mercedes,balanced,0.392,3
2025,Austrian Grand Prix,Mercedes,long_run,0.8062222222222222,3
2025,Austrian Grand Prix,Mercedes,short_run,0.3857777777777778,3
2025,Austrian Grand Prix,Racing Bulls,balanced,0.5288888888888889,3
2025,Austrian Grand Prix,Racing Bulls,long_run,0.5146666666666666,3
2025,Austrian Grand Prix,Racing Bulls,short_run,0.6746666666666667,3
2025,Austrian Grand Prix,Red Bull Racing,balanced,0.3617777777777778,3
2025,Austrian Grand Prix,Red Bull Racing,long_run,0.0,3
2025,Austrian Grand Prix,Red Bull Racing,short_run,0.5777777777777777,3
2025,Austrian Grand Prix,Williams,balanced,0.6382222222222222,3
2025,Austrian Grand Prix,Williams,long_run,0.6204444444444445,3
2025,Austrian Grand Prix,Williams,short_run,0.6364444444444446,3
2025,Azerbaijan Grand Prix,Alpine,balanced,0.08088888888888893,3
2025,Azerbaijan Grand Prix,Alpine,long_run,0.08888888888888888,3
2025,Azerbaijan Grand Prix,Alpine,short_run,0.07288888888888888,3
2025,Azerbaijan Grand Prix,Aston Martin,balanced,0.3857777777777778,3
2025,Azerbaijan Grand Prix,Aston Martin,long_run,0.376,3
2025,Azerbaijan Grand Prix,Aston Martin,short_run,0.3493333333333334,3
2025,Azerbaijan Grand Prix,Ferrari,balanced,0.9395555555555555,3
2025,Azerbaijan Grand Prix,Ferrari,long_run,0.8951111111111111,3
2025,Azerbaijan Grand Prix,Ferrari,short_run,0.8951111111111111,3
2025,Azerbaijan Grand Prix,Haas F1 Team,balanced,0.43644444444444447,3
2025,Azerbaijan Grand Prix,Haas F1 Team,long_run,0.3777777777777778,3
2025,Azerbaijan Grand Prix,Haas F1 Team,short_run,0.42844444444444446,3
2025,Azerbaijan Grand Prix,Kick Sauber,balanced,0.21244444444444444,3
2025,Azerbaijan Grand Prix,Kick Sauber,long_run,0.23200000000000004,3
2025,Azerbaijan Grand Prix,Kick Sauber,short_run,0.2568888888888889,3
2025,Azerbaijan Grand Prix,McLaren,balanced,0.4782222222222222,3
2025,Azerbaijan Grand Prix,McLaren,long_run,0.4906666666666667,3
2025,Azerbaijan Grand Prix,McLaren,short_run,0.7084444444444445,3
2025,Azerbaijan Grand Prix,Mercedes,balanced,0.5973333333333333,3
2025,Azerbaijan Grand Prix,Mercedes,long_run,0.9333333333333332,3
2025,Azerbaijan Grand Prix,Mercedes,short_run,0.5528888888888889,3
2025,Azerbaijan Grand Prix,Racing Bulls,balanced,0.6506666666666667,3
2025,Azerbaijan Grand Prix,Racing Bulls,long_run,0.41600000000000004,3
2025,Azerbaijan Grand Prix,Racing Bulls,short_run,0.5697777777777778,3
2025,Azerbaijan Grand Prix,Red Bull Racing,balanced,0.687111111111111,3
2025,Azerbaijan Grand Prix,Red Bull Racing,long_run,0.7031111111111111,3
2025,Azerbaijan Grand Prix,Red Bull Racing,short_run,0.6062222222222223,3
2025,Azerbaijan Grand Prix,Williams,balanced,0.5315555555555556,3
2025,Azerbaijan Grand Prix,Williams,long_run,0.48711111111111116,3
2025,Azerbaijan Grand Prix,Williams,short_run,0.5599999999999999,3
2025,Bahrain Grand Prix,Alpine,balanced,0.576,3
2025,Bahrain Grand Prix,Alpine,long_run,0.38933333333333336,3
2025,Bahrain Grand Prix,Alpine,short_run,0.6488888888888888,3
2025,Bahrain Grand Prix,Aston Martin,balanced,0.6408888888888888,3
2025,Bahrain Grand Prix,Aston Martin,long_run,0.6933333333333334,3
2025,Bahrain Grand Prix,Aston Martin,short_run,0.5982222222222222,3
2025,Bahrain Grand Prix,Ferrari,balanced,0.5875555555555556,3
2025,Bahrain Grand Prix,Ferrari,long_run,0.6044444444444445,3
2025,Bahrain Grand Prix,Ferrari,short_run,0.47822222222222227,3
2025,Bahrain Grand Prix,Haas F1 Team,balanced,0.39644444444444443,3
2025,Bahrain Grand Prix,Haas F1 Team,long_run,0.22400000000000003,3
2025,Bahrain Grand Prix,Haas F1 Team,short_run,0.2506666666666667,3
2025,Bahrain Grand Prix,Kick Sauber,balanced,0.32088888888888895,3
2025,Bahrain Grand Prix,Kick Sauber,long_run,0.3351111111111112,3
2025,Bahrain Grand Prix,Kick Sauber,short_run,0.2604444444444445,3
2025,Bahrain Grand Prix,McLaren,balanced,0.8524444444444444,3
2025,Bahrain Grand Prix,McLaren,long_run,1.0,3
2025,Bahrain Grand Prix,McLaren,short_run,0.888888888888889,3
2025,Bahrain Grand Prix,Mercedes,balanced,0.37155555555555553,3
2025,Bahrain Grand Prix,Mercedes,long_run,0.3884444444444445,3
2025,Bahrain Grand Prix,Mercedes,short_run,0.6871111111111111,3
2025,Bahrain Grand Prix,Racing Bulls,balanced,0.08888888888888888,3
2025,Bahrain Grand Prix,Racing Bulls,long_run,0.3191111111111111,3
2025,Bahrain Grand Prix,Racing Bulls,short_run,0.16177777777777774,3
2025,Bahrain Grand Prix,Red Bull Racing,balanced,0.3635555555555556,3
2025,Bahrain Grand Prix,Red Bull Racing,long_run,0.3555555555555555,3
2025,Bahrain Grand Prix,Red Bull Racing,short_run,0.33333333333333337,3
2025,Bahrain Grand Prix,Williams,balanced,0.8017777777777779,3
2025,Bahrain Grand Prix,Williams,long_run,0.6906666666666668,3
2025,Bahrain Grand Prix,Williams,short_run,0.6924444444444445,3
2025,British Grand Prix,Alpine,balanced,0.34755555555555556,3
2025,British Grand Prix,Alpine,long_run,0.0746666666666667,3
2025,British Grand Prix,Alpine,short_run,0.24444444444444452,3
2025,British Grand Prix,Aston Martin,balanced,0.23022222222222224,3
2025,British Grand Prix,Aston Martin,long_run,0.4702222222222222,3
2025,British Grand Prix,Aston Martin,short_run,0.3155555555555556,3
2025,British Grand Prix,Ferrari,balanced,0.9031111111111111,3
2025,British Grand Prix,Ferrari,long_run,0.792,3
2025,British Grand Prix,Ferrari,short_run,0.9031111111111111,3
2025,British Grand Prix,Haas F1 Team,balanced,0.4142222222222222,3
2025,British Grand Prix,Haas F1 Team,long_run,0.792,3
2025,British Grand Prix,Haas F1 Team,short_run,0.27466666666666667,3
2025,British Grand Prix,Kick Sauber,balanced,0.36977777777777787,3
2025,British Grand Prix,Kick Sauber,long_run,0.35733333333333334,3
2025,British Grand Prix,Kick Sauber,short_run,0.26666666666666666,3
2025,British Grand Prix,McLaren,balanced,0.8364444444444444,3
2025,British Grand Prix,McLaren,long_run,0.5475555555555556,3
2025,British Grand Prix,McLaren,short_run,0.8666666666666668,3
2025,British Grand Prix,Mercedes,balanced,0.3555555555555555,3
2025,British Grand Prix,Mercedes,long_run,0.5537777777777778,3
2025,British Grand Prix,Mercedes,short_run,0.5066666666666666,3
2025,British Grand Prix,Racing Bulls,balanced,0.4337777777777777,3
2025,British Grand Prix,Racing Bulls,long_run,0.1697777777777778,3
2025,British Grand Prix,Racing Bulls,short_run,0.5493333333333335,3
2025,British Grand Prix,Red Bull Racing,balanced,0.512888888888889,3
2025,British Grand Prix,Red Bull Racing,long_run,0.7822222222222222,3
2025,British Grand Prix,Red Bull Racing,short_run,0.4764444444444445,3
2025,British Grand Prix,Williams,balanced,0.5964444444444444,3
2025,British Grand Prix,Williams,long_run,0.4604444444444445,3
2025,British Grand Prix,Williams,short_run,0.5964444444444444,3
2025,Canadian Grand Prix,Alpine,balanced,0.3191111111111111,3
2025,Canadian Grand Prix,Alpine,long_run,0.3813333333333334,3
2025,Canadian Grand Prix,Alpine,short_run,0.19822222222222224,3
2025,Canadian Grand Prix,Aston Martin,balanced,0.49688888888888894,3
2025,Canadian Grand Prix,Aston Martin,long_run,0.5377777777777778,3
2025,Canadian Grand Prix,Aston Martin,short_run,0.37333333333333335,3
2025,Canadian Grand Prix,Ferrari,balanced,0.6551111111111111,3
2025,Canadian Grand Prix,Ferrari,long_run,0.5031111111111111,3
2025,Canadian Grand Prix,Ferrari,short_run,0.711111111111111,3
2025,Canadian Grand Prix,Haas F1 Team,balanced,0.48711111111111116,3
2025,Canadian Grand Prix,Haas F1 Team,long_run,0.5777777777777778,3
2025,Canadian Grand Prix,Haas F1 Team,short_run,0.44266666666666676,3
2025,Canadian Grand Prix,Kick Sauber,balanced,0.10311111111111111,3
2025,Canadian Grand Prix,Kick Sauber,long_run,0.18222222222222223,3
2025,Canadian Grand Prix,Kick Sauber,short_run,0.15733333333333335,3
2025,Canadian Grand Prix,McLaren,balanced,0.6524444444444445,3
2025,Canadian Grand Prix,McLaren,long_run,0.6124444444444445,3
2025,Canadian Grand Prix,McLaren,short_run,0.7493333333333333,3
2025,Canadian Grand Prix,Mercedes,balanced,0.4,3
2025,Canadian Grand Prix,Mercedes,long_run,0.5173333333333334,3
2025,Canadian Grand Prix,Mercedes,short_run,0.5333333333333333,3
2025,Canadian Grand Prix,Racing Bulls,balanced,0.47022222222222226,3
2025,Canadian Grand Prix,Racing Bulls,long_run,0.1955555555555556,3
2025,Canadian Grand Prix,Racing Bulls,short_run,0.5937777777777778,3
2025,Canadian Grand Prix,Red Bull Racing,balanced,0.5413333333333334,3
2025,Canadian Grand Prix,Red Bull Racing,long_run,0.7066666666666667,3
2025,Canadian Grand Prix,Red Bull Racing,short_run,0.6444444444444445,3
2025,Canadian Grand Prix,Williams,balanced,0.8746666666666666,3
2025,Canadian Grand Prix,Williams,long_run,0.7857777777777778,3
2025,Canadian Grand Prix,Williams,short_run,0.5964444444444444,3
2025,Dutch Grand Prix,Alpine,balanced,0.32533333333333336,3
2025,Dutch Grand Prix,Alpine,long_run,0.13333333333333336,3
2025,Dutch Grand Prix,Alpine,short_run,0.29911111111111116,3
2025,Dutch Grand Prix,Aston Martin,balanced,0.6,3
2025,Dutch Grand Prix,Aston Martin,long_run,0.608,3
2025,Dutch Grand Prix,Aston Martin,short_run,0.49688888888888894,3
2025,Dutch Grand Prix,Ferrari,balanced,0.7555555555555556,3
2025,Dutch Grand Prix,Ferrari,long_run,0.7617777777777778,3
2025,Dutch Grand Prix,Ferrari,short_run,0.596,3
2025,Dutch Grand Prix,Haas F1 Team,balanced,0.376,3
2025,Dutch Grand Prix,Haas F1 Team,long_run,0.34755555555555556,3
2025,Dutch Grand Prix,Haas F1 Team,short_run,0.2728888888888889,3
2025,Dutch Grand Prix,Kick Sauber,balanced,0.04444444444444447,3
2025,Dutch Grand Prix,Kick Sauber,long_run,0.2826666666666667,3
2025,Dutch Grand Prix,Kick Sauber,short_run,0.16177777777777774,3
2025,Dutch Grand Prix,McLaren,balanced,0.7146666666666667,3
2025,Dutch Grand Prix,McLaren,long_run,0.8240000000000001,3
2025,Dutch Grand Prix,McLaren,short_run,0.9093333333333333,3
2025,Dutch Grand Prix,Mercedes,balanced,0.4995555555555555,3
2025,Dutch Grand Prix,Mercedes,long_run,0.43022222222222234,3
2025,Dutch Grand Prix,Mercedes,short_run,0.5297777777777777,3
2025,Dutch Grand Prix,Racing Bulls,balanced,0.4826666666666667,3
2025,Dutch Grand Prix,Racing Bulls,long_run,0.6248888888888888,3
2025,Dutch Grand Prix,Racing Bulls,short_run,0.37333333333333335,3
2025,Dutch Grand Prix,Red Bull Racing,balanced,0.5146666666666667,3
2025,Dutch Grand Prix,Red Bull Racing,long_run,0.3493333333333334,3
2025,Dutch Grand Prix,Red Bull Racing,short_run,0.5751111111111111,3
2025,Dutch Grand Prix,Williams,balanced,0.687111111111111,3
2025,Dutch Grand Prix,Williams,long_run,0.6382222222222222,3
2025,Dutch Grand Prix,Williams,short_run,0.7857777777777779,3
2025,Emilia Romagna Grand Prix,Alpine,balanced,0.2844444444444445,3
2025,Emilia Romagna Grand Prix,Alpine,long_run,0.10488888888888889,3
2025,Emilia Romagna Grand Prix,Alpine,short_run,0.5031111111111113,3
2025,Emilia Romagna Grand Prix,Aston Martin,balanced,0.40800000000000003,3
2025,Emilia Romagna Grand Prix,Aston Martin,long_run,0.5697777777777778,3
2025,Emilia Romagna Grand Prix,Aston Martin,short_run,0.37155555555555553,3
2025,Emilia Romagna Grand Prix,Ferrari,balanced,0.3822222222222222,3
2025,Emilia Romagna Grand Prix,Ferrari,long_run,0.7742222222222221,3
2025,Emilia Romagna Grand Prix,Ferrari,short_run,0.3457777777777778,3
2025,Emilia Romagna Grand Prix,Haas F1 Team,balanced,0.18577777777777776,3
2025,Emilia Romagna Grand Prix,Haas F1 Team,long_run,0.12533333333333335,3
2025,Emilia Romagna Grand Prix,Haas F1 Team,short_run,0.18577777777777776,3
2025,Emilia Romagna Grand Prix,Kick Sauber,balanced,0.19022222222222224,3
2025,Emilia Romagna Grand Prix,Kick Sauber,long_run,0.19377777777777777,3
2025,Emilia Romagna Grand Prix,Kick Sauber,short_run,0.22666666666666666,3
2025,Emilia Romagna Grand Prix,McLaren,balanced,0.8906666666666666,3
2025,Emilia Romagna Grand Prix,McLaren,long_run,0.8302222222222223,3
2025,Emilia Romagna Grand Prix,McLaren,short_run,0.8177777777777777,3
2025,Emilia Romagna Grand Prix,Mercedes,balanced,0.719111111111111,3
2025,Emilia Romagna Grand Prix,Mercedes,long_run,0.35377777777777775,3
2025,Emilia Romagna Grand Prix,Mercedes,short_run,0.6764444444444445,3
2025,Emilia Romagna Grand Prix,Racing Bulls,balanced,0.3697777777777778,3
2025,Emilia Romagna Grand Prix,Racing Bulls,long_run,0.6648888888888889,3
2025,Emilia Romagna Grand Prix,Racing Bulls,short_run,0.2968888888888889,3
2025,Emilia Romagna Grand Prix,Red Bull Racing,balanced,0.792,3
2025,Emilia Romagna Grand Prix,Red Bull Racing,long_run,0.6622222222222222,3
2025,Emilia Romagna Grand Prix,Red Bull Racing,short_run,0.792,3
2025,Emilia Romagna Grand Prix,Williams,balanced,0.7777777777777779,3
2025,Emilia Romagna Grand Prix,Williams,long_run,0.7208888888888889,3
2025,Emilia Romagna Grand Prix,Williams,short_run,0.784,3
2025,Hungarian Grand Prix,Alpine,balanced,0.2888888888888889,3
2025,Hungarian Grand Prix,Alpine,long_run,0.24266666666666667,3
2025,Hungarian Grand Prix,Alpine,short_run,0.3431111111111111,3
2025,Hungarian Grand Prix,Aston Martin,balanced,0.7697777777777778,3
2025,Hungarian Grand Prix,Aston Martin,long_run,0.4017777777777778,3
2025,Hungarian Grand Prix,Aston Martin,short_run,0.520888888888889,3
2025,Hungarian Grand Prix,Ferrari,balanced,0.8240000000000001,3
2025,Hungarian Grand Prix,Ferrari,long_run,0.703111111111111,3
2025,Hungarian Grand Prix,Ferrari,short_run,0.9333333333333332,3
2025,Hungarian Grand Prix,Haas F1 Team,balanced,0.39822222222222226,3
2025,Hungarian Grand Prix,Haas F1 Team,long_run,0.5173333333333334,3
2025,Hungarian Grand Prix,Haas F1 Team,short_run,0.40444444444444444,3
2025,Hungarian Grand Prix,Kick Sauber,balanced,0.6462222222222223,3
2025,Hungarian Grand Prix,Kick Sauber,long_run,0.7013333333333334,3
2025,Hungarian Grand Prix,Kick Sauber,short_run,0.5431111111111111,3
2025,Hungarian Grand Prix,McLaren,balanced,0.8382222222222222,3
2025,Hungarian Grand Prix,McLaren,long_run,0.8462222222222223,3
2025,Hungarian Grand Prix,McLaren,short_run,0.9111111111111111,3
2025,Hungarian Grand Prix,Mercedes,balanced,0.11733333333333333,3
2025,Hungarian Grand Prix,Mercedes,long_run,0.7333333333333334,3
2025,Hungarian Grand Prix,Mercedes,short_run,0.22666666666666666,3
2025,Hungarian Grand Prix,Racing Bulls,balanced,0.25422222222222224,3
2025,Hungarian Grand Prix,Racing Bulls,long_run,0.40355555555555556,3
2025,Hungarian Grand Prix,Racing Bulls,short_run,0.44266666666666676,3
2025,Hungarian Grand Prix,Red Bull Racing,balanced,0.29688888888888887,3
2025,Hungarian Grand Prix,Red Bull Racing,long_run,0.0968888888888889,3
2025,Hungarian Grand Prix,Red Bull Racing,short_run,0.35733333333333334,3
2025,Hungarian Grand Prix,Williams,balanced,0.5662222222222222,3
2025,Hungarian Grand Prix,Williams,long_run,0.35377777777777775,3
2025,Hungarian Grand Prix,Williams,short_run,0.31733333333333336,3
2025,Italian Grand Prix,Alpine,balanced,0.29066666666666674,3
2025,Italian Grand Prix,Alpine,long_run,0.11911111111111113,3
2025,Italian Grand Prix,Alpine,short_run,0.1955555555555556,3
2025,Italian Grand Prix,Aston Martin,balanced,0.8222222222222222,3
2025,Italian Grand Prix,Aston Martin,long_run,0.8506666666666666,3
2025,Italian Grand Prix,Aston Martin,short_run,0.4728888888888889,3
2025,Italian Grand Prix,Ferrari,balanced,0.48711111111111116,3
2025,Italian Grand Prix,Ferrari,long_run,0.8542222222222222,3
2025,Italian Grand Prix,Ferrari,short_run,0.4711111111111112,3
2025,Italian Grand Prix,Haas F1 Team,balanced,0.42222222222222233,3
2025,Italian Grand Prix,Haas F1 Team,long_run,0.2951111111111111,3
2025,Italian Grand Prix,Haas F1 Team,short_run,0.2968888888888889,3
2025,Italian Grand Prix,Kick Sauber,balanced,0.3128888888888889,3
2025,Italian Grand Prix,Kick Sauber,long_run,0.30311111111111116,3
2025,Italian Grand Prix,Kick Sauber,short_run,0.24800000000000005,3
2025,Italian Grand Prix,McLaren,balanced,0.5173333333333334,3
2025,Italian Grand Prix,McLaren,long_run,0.42666666666666664,3
2025,Italian Grand Prix,McLaren,short_run,0.792,3
2025,Italian Grand Prix,Mercedes,balanced,0.4906666666666667,3
2025,Italian Grand Prix,Mercedes,long_run,0.3395555555555556,3
2025,Italian Grand Prix,Mercedes,short_run,0.8542222222222222,3
2025,Italian Grand Prix,Racing Bulls,balanced,0.41955555555555557,3
2025,Italian Grand Prix,Racing Bulls,long_run,0.39555555555555555,3
2025,Italian Grand Prix,Racing Bulls,short_run,0.44000000000000006,3
2025,Italian Grand Prix,Red Bull Racing,balanced,0.5822222222222222,3
2025,Italian Grand Prix,Red Bull Racing,long_run,0.6524444444444445,3
2025,Italian Grand Prix,Red Bull Racing,short_run,0.6026666666666667,3
2025,Italian Grand Prix,Williams,balanced,0.6551111111111111,3
2025,Italian Grand Prix,Williams,long_run,0.7635555555555557,3
2025,Italian Grand Prix,Williams,short_run,0.6266666666666667,3
2025,Japanese Grand Prix,Alpine,balanced,0.8017777777777779,3
2025,Japanese Grand Prix,Alpine,long_run,0.696888888888889,3
2025,Japanese Grand Prix,Alpine,short_run,0.696888888888889,3
2025,Japanese Grand Prix,Aston Martin,balanced,0.3697777777777778,3
2025,Japanese Grand Prix,Aston Martin,long_run,0.5004444444444445,3
2025,Japanese Grand Prix,Aston Martin,short_run,0.32533333333333336,3
2025,Japanese Grand Prix,Ferrari,balanced,0.49688888888888894,3
2025,Japanese Grand Prix,Ferrari,long_run,0.7457777777777779,3
2025,Japanese Grand Prix,Ferrari,short_run,0.5271111111111111,3
2025,Japanese Grand Prix,Haas F1 Team,balanced,0.5333333333333334,3
2025,Japanese Grand Prix,Haas F1 Team,long_run,0.3128888888888889,3
2025,Japanese Grand Prix,Haas F1 Team,short_run,0.42844444444444446,3
2025,Japanese Grand Prix,Kick Sauber,balanced,0.34577777777777774,3
2025,Japanese Grand Prix,Kick Sauber,long_run,0.35377777777777775,3
2025,Japanese Grand Prix,Kick Sauber,short_run,0.3013333333333333,3
2025,Japanese Grand Prix,McLaren,balanced,0.7742222222222221,3
2025,Japanese Grand Prix,McLaren,long_run,0.8044444444444444,3
2025,Japanese Grand Prix,McLaren,short_run,0.8791111111111111,3
2025,Japanese Grand Prix,Mercedes,balanced,0.5573333333333333,3
2025,Japanese Grand Prix,Mercedes,long_run,0.4808888888888889,3
2025,Japanese Grand Prix,Mercedes,short_run,0.6337777777777778,3
2025,Japanese Grand Prix,Racing Bulls,balanced,0.21422222222222226,3
2025,Japanese Grand Prix,Racing Bulls,long_run,0.3635555555555556,3
2025,Japanese Grand Prix,Racing Bulls,short_run,0.21422222222222226,3
2025,Japanese Grand Prix,Red Bull Racing,balanced,0.30044444444444446,3
2025,Japanese Grand Prix,Red Bull Racing,long_run,0.04444444444444447,3
2025,Japanese Grand Prix,Red Bull Racing,short_run,0.4924444444444445,3
2025,Japanese Grand Prix,Williams,balanced,0.6062222222222223,3
2025,Japanese Grand Prix,Williams,long_run,0.6968888888888889,3
2025,Japanese Grand Prix,Williams,short_run,0.5013333333333334,3
2025,Las Vegas Grand Prix,Alpine,balanced,0.592,3
2025,Las Vegas Grand Prix,Alpine,long_run,0.5555555555555556,3
2025,Las Vegas Grand Prix,Alpine,short_run,0.42400000000000004,3
2025,Las Vegas Grand Prix,Aston Martin,balanced,0.703111111111111,3
2025,Las Vegas Grand Prix,Aston Martin,long_run,0.5937777777777777,3
2025,Las Vegas Grand Prix,Aston Martin,short_run,0.7982222222222222,3
2025,Las Vegas Grand Prix,Ferrari,balanced,0.6222222222222221,3
2025,Las Vegas Grand Prix,Ferrari,long_run,0.6888888888888889,3
2025,Las Vegas Grand Prix,Ferrari,short_run,0.4711111111111112,3
2025,Las Vegas Grand Prix,Haas F1 Team,balanced,0.5573333333333335,3
2025,Las Vegas Grand Prix,Haas F1 Team,long_run,0.1875555555555556,3
2025,Las Vegas Grand Prix,Haas F1 Team,short_run,0.8666666666666668,3
2025,Las Vegas Grand Prix,Kick Sauber,balanced,0.19377777777777777,3
2025,Las Vegas Grand Prix,Kick Sauber,long_run,0.37155555555555553,3
2025,Las Vegas Grand Prix,Kick Sauber,short_run,0.09066666666666669,3
2025,Las Vegas Grand Prix,McLaren,balanced,0.24444444444444446,3
2025,Las Vegas Grand Prix,McLaren,long_run,0.5111111111111112,3
2025,Las Vegas Grand Prix,McLaren,short_run,0.30311111111111116,3
2025,Las Vegas Grand Prix,Mercedes,balanced,0.6888888888888889,3
2025,Las Vegas Grand Prix,Mercedes,long_run,0.5582222222222223,3
2025,Las Vegas Grand Prix,Mercedes,short_run,0.5653333333333334,3
2025,Las Vegas Grand Prix,Racing Bulls,balanced,0.37244444444444447,3
2025,Las Vegas Grand Prix,Racing Bulls,long_run,0.42666666666666675,3
2025,Las Vegas Grand Prix,Racing Bulls,short_run,0.41688888888888886,3
2025,Las Vegas Grand Prix,Red Bull Racing,balanced,0.3448888888888889,3
2025,Las Vegas Grand Prix,Red Bull Racing,long_run,0.5573333333333335,3
2025,Las Vegas Grand Prix,Red Bull Racing,short_run,0.38933333333333336,3
2025,Las Vegas Grand Prix,Williams,balanced,0.6808888888888889,3
2025,Las Vegas Grand Prix,Williams,long_run,0.5493333333333335,3
2025,Las Vegas Grand Prix,Williams,short_run,0.6746666666666667,3
2025,Mexico City Grand Prix,Alpine,balanced,0.14933333333333332,3
2025,Mexico City Grand Prix,Alpine,long_run,0.30044444444444446,3
2025,Mexico City Grand Prix,Alpine,short_run,0.12533333333333335,3
2025,Mexico City Grand Prix,Aston Martin,balanced,0.08088888888888893,3
2025,Mexico City Grand Prix,Aston Martin,long_run,0.5013333333333333,3
2025,Mexico City Grand Prix,Aston Martin,short_run,0.3235555555555556,3
2025,Mexico City Grand Prix,Ferrari,balanced,0.7173333333333333,3
2025,Mexico City Grand Prix,Ferrari,long_run,0.624,3
2025,Mexico City Grand Prix,Ferrari,short_run,0.6426666666666667,3
2025,Mexico City Grand Prix,Haas F1 Team,balanced,0.7271111111111112,3
2025,Mexico City Grand Prix,Haas F1 Team,long_run,0.5902222222222222,3
2025,Mexico City Grand Prix,Haas F1 Team,short_run,0.8302222222222223,3
2025,Mexico City Grand Prix,Kick Sauber,balanced,0.8097777777777779,3
2025,Mexico City Grand Prix,Kick Sauber,long_run,0.45422222222222225,3
2025,Mexico City Grand Prix,Kick Sauber,short_run,0.7431111111111111,3
2025,Mexico City Grand Prix,McLaren,balanced,0.5937777777777777,3
2025,Mexico City Grand Prix,McLaren,long_run,0.47911111111111115,3
2025,Mexico City Grand Prix,McLaren,short_run,0.6604444444444445,3
2025,Mexico City Grand Prix,Mercedes,balanced,0.42222222222222233,3
2025,Mexico City Grand Prix,Mercedes,long_run,0.56,3
2025,Mexico City Grand Prix,Mercedes,short_run,0.49511111111111117,3
2025,Mexico City Grand Prix,Racing Bulls,balanced,0.32711111111111113,3
2025,Mexico City Grand Prix,Racing Bulls,long_run,0.792,3
2025,Mexico City Grand Prix,Racing Bulls,short_run,0.12088888888888889,3
2025,Mexico City Grand Prix,Red Bull Racing,balanced,0.576,3
2025,Mexico City Grand Prix,Red Bull Racing,long_run,0.3351111111111112,3
2025,Mexico City Grand Prix,Red Bull Racing,short_run,0.6444444444444445,3
2025,Mexico City Grand Prix,Williams,balanced,0.5964444444444444,3
2025,Mexico City Grand Prix,Williams,long_run,0.3635555555555556,3
2025,Mexico City Grand Prix,Williams,short_run,0.4142222222222222,3
2025,Monaco Grand Prix,Alpine,balanced,0.20800000000000002,3
2025,Monaco Grand Prix,Alpine,long_run,0.33155555555555555,3
2025,Monaco Grand Prix,Alpine,short_run,0.1897777777777778,3
2025,Monaco Grand Prix,Aston Martin,balanced,0.1697777777777778,3
2025,Monaco Grand Prix,Aston Martin,long_run,0.17777777777777776,3
2025,Monaco Grand Prix,Aston Martin,short_run,0.38355555555555554,3
2025,Monaco Grand Prix,Ferrari,balanced,0.6951111111111111,3
2025,Monaco Grand Prix,Ferrari,long_run,0.9635555555555555,3
2025,Monaco Grand Prix,Ferrari,short_run,0.9395555555555555,3
2025,Monaco Grand Prix,Haas F1 Team,balanced,0.03022222222222224,3
2025,Monaco Grand Prix,Haas F1 Team,long_run,0.40266666666666673,3
2025,Monaco Grand Prix,Haas F1 Team,short_run,0.03022222222222224,3
2025,Monaco Grand Prix,Kick Sauber,balanced,0.3493333333333334,3
2025,Monaco Grand Prix,Kick Sauber,long_run,0.3635555555555556,3
2025,Monaco Grand Prix,Kick Sauber,short_run,0.30311111111111116,3
2025,Monaco Grand Prix,McLaren,balanced,0.7777777777777779,3
2025,Monaco Grand Prix,McLaren,long_run,0.8160000000000001,3
2025,Monaco Grand Prix,McLaren,short_run,0.7715555555555556,3
2025,Monaco Grand Prix,Mercedes,balanced,0.7555555555555555,3
2025,Monaco Grand Prix,Mercedes,long_run,0.44622222222222224,3
2025,Monaco Grand Prix,Mercedes,short_run,0.6791111111111111,3
2025,Monaco Grand Prix,Racing Bulls,balanced,0.42044444444444445,3
2025,Monaco Grand Prix,Racing Bulls,long_run,0.3457777777777778,3
2025,Monaco Grand Prix,Racing Bulls,short_run,0.368,3
2025,Monaco Grand Prix,Red Bull Racing,balanced,1.0,3
2025,Monaco Grand Prix,Red Bull Racing,long_run,0.528888888888889,3
2025,Monaco Grand Prix,Red Bull Racing,short_run,0.8826666666666666,3
2025,Monaco Grand Prix,Williams,balanced,0.5937777777777778,3
2025,Monaco Grand Prix,Williams,long_run,0.624,3
2025,Monaco Grand Prix,Williams,short_run,0.4524444444444445,3
2025,Saudi Arabian Grand Prix,Alpine,balanced,0.5920000000000001,3
2025,Saudi Arabian Grand Prix,Alpine,long_run,0.5475555555555556,3
2025,Saudi Arabian Grand Prix,Alpine,short_run,0.5555555555555556,3
2025,Saudi Arabian Grand Prix,Aston Martin,balanced,0.34755555555555556,3
2025,Saudi Arabian Grand Prix,Aston Martin,long_run,0.3715555555555556,3
2025,Saudi Arabian Grand Prix,Aston Martin,short_run,0.3111111111111111,3
2025,Saudi Arabian Grand Prix,Ferrari,balanced,0.8284444444444444,3
2025,Saudi Arabian Grand Prix,Ferrari,long_run,0.5662222222222223,3
2025,Saudi Arabian Grand Prix,Ferrari,short_run,0.792,3
2025,Saudi Arabian Grand Prix,Haas F1 Team,balanced,0.2888888888888889,3
2025,Saudi Arabian Grand Prix,Haas F1 Team,long_run,0.2888888888888889,3
2025,Saudi Arabian Grand Prix,Haas F1 Team,short_run,0.25244444444444447,3
2025,Saudi Arabian Grand Prix,Kick Sauber,balanced,0.0,3
2025,Saudi Arabian Grand Prix,Kick Sauber,long_run,0.13333333333333333,3
2025,Saudi Arabian Grand Prix,Kick Sauber,short_run,0.0,3
2025,Saudi Arabian Grand Prix,McLaren,balanced,0.7146666666666667,3
2025,Saudi Arabian Grand Prix,McLaren,long_run,0.7582222222222222,3
2025,Saudi Arabian Grand Prix,McLaren,short_run,0.6782222222222222,3
2025,Saudi Arabian Grand Prix,Mercedes,balanced,0.4915555555555556,3
2025,Saudi Arabian Grand Prix,Mercedes,long_run,0.7253333333333333,3
2025,Saudi Arabian Grand Prix,Mercedes,short_run,0.4915555555555556,3
2025,Saudi Arabian Grand Prix,Racing Bulls,balanced,0.7288888888888889,3
2025,Saudi Arabian Grand Prix,Racing Bulls,long_run,0.43644444444444447,3
2025,Saudi Arabian Grand Prix,Racing Bulls,short_run,0.6924444444444445,3
2025,Saudi Arabian Grand Prix,Red Bull Racing,balanced,0.5146666666666667,3
2025,Saudi Arabian Grand Prix,Red Bull Racing,long_run,0.6275555555555556,3
2025,Saudi Arabian Grand Prix,Red Bull Racing,short_run,0.7697777777777778,3
2025,Saudi Arabian Grand Prix,Williams,balanced,0.49333333333333335,3
2025,Saudi Arabian Grand Prix,Williams,long_run,0.544888888888889,3
2025,Saudi Arabian Grand Prix,Williams,short_run,0.4568888888888889,3
2025,Singapore Grand Prix,Alpine,balanced,0.27466666666666667,3
2025,Singapore Grand Prix,Alpine,long_run,0.17777777777777776,3
2025,Singapore Grand Prix,Alpine,short_run,0.23022222222222224,3
2025,Singapore Grand Prix,Aston Martin,balanced,0.5031111111111111,3
2025,Singapore Grand Prix,Aston Martin,long_run,0.6302222222222224,3
2025,Singapore Grand Prix,Aston Martin,short_run,0.5031111111111111,3
2025,Singapore Grand Prix,Ferrari,balanced,0.17955555555555555,3
2025,Singapore Grand Prix,Ferrari,long_run,0.6746666666666667,3
2025,Singapore Grand Prix,Ferrari,short_run,0.17955555555555555,3
2025,Singapore Grand Prix,Haas F1 Team,balanced,0.18400000000000005,3
2025,Singapore Grand Prix,Haas F1 Team,long_run,0.42844444444444446,3
2025,Singapore Grand Prix,Haas F1 Team,short_run,0.15377777777777782,3
2025,Singapore Grand Prix,Kick Sauber,balanced,0.20622222222222222,3
2025,Singapore Grand Prix,Kick Sauber,long_run,0.2933333333333334,3
2025,Singapore Grand Prix,Kick Sauber,short_run,0.28088888888888885,3
2025,Singapore Grand Prix,McLaren,balanced,0.9253333333333333,3
2025,Singapore Grand Prix,McLaren,long_run,0.9555555555555555,3
2025,Singapore Grand Prix,McLaren,short_run,0.9253333333333333,3
2025,Singapore Grand Prix,Mercedes,balanced,0.6666666666666666,3
2025,Singapore Grand Prix,Mercedes,long_run,0.5573333333333333,3
2025,Singapore Grand Prix,Mercedes,short_run,0.6666666666666666,3
2025,Singapore Grand Prix,Racing Bulls,balanced,0.6222222222222223,3
2025,Singapore Grand Prix,Racing Bulls,long_run,0.5875555555555556,3
2025,Singapore Grand Prix,Racing Bulls,short_run,0.6222222222222223,3
2025,Singapore Grand Prix,Red Bull Racing,balanced,0.6,3
2025,Singapore Grand Prix,Red Bull Racing,long_run,0.16355555555555557,3
2025,Singapore Grand Prix,Red Bull Racing,short_run,0.6,3
2025,Singapore Grand Prix,Williams,balanced,0.8382222222222222,3
2025,Singapore Grand Prix,Williams,long_run,0.5315555555555556,3
2025,Singapore Grand Prix,Williams,short_run,0.8382222222222222,3
2025,Spanish Grand Prix,Alpine,balanced,0.5333333333333334,3
2025,Spanish Grand Prix,Alpine,long_run,0.6142222222222222,3
2025,Spanish Grand Prix,Alpine,short_run,0.2604444444444445,3
2025,Spanish Grand Prix,Aston Martin,balanced,0.7066666666666667,3
2025,Spanish Grand Prix,Aston Martin,long_run,0.6924444444444445,3
2025,Spanish Grand Prix,Aston Martin,short_run,0.616,3
2025,Spanish Grand Prix,Ferrari,balanced,0.40444444444444444,3
2025,Spanish Grand Prix,Ferrari,long_run,0.6488888888888888,3
2025,Spanish Grand Prix,Ferrari,short_run,0.5368888888888889,3
2025,Spanish Grand Prix,Haas F1 Team,balanced,0.15111111111111114,3
2025,Spanish Grand Prix,Haas F1 Team,long_run,0.13333333333333336,3
2025,Spanish Grand Prix,Haas F1 Team,short_run,0.24266666666666667,3
2025,Spanish Grand Prix,Kick Sauber,balanced,0.49333333333333335,3
2025,Spanish Grand Prix,Kick Sauber,long_run,0.26666666666666666,3
2025,Spanish Grand Prix,Kick Sauber,short_run,0.22044444444444444,3
2025,Spanish Grand Prix,McLaren,balanced,0.2951111111111111,3
2025,Spanish Grand Prix,McLaren,long_run,0.368,3
2025,Spanish Grand Prix,McLaren,short_run,0.6284444444444445,3
2025,Spanish Grand Prix,Mercedes,balanced,0.4666666666666667,3
2025,Spanish Grand Prix,Mercedes,long_run,0.5031111111111111,3
2025,Spanish Grand Prix,Mercedes,short_run,0.672,3
2025,Spanish Grand Prix,Racing Bulls,balanced,0.5226666666666666,3
2025,Spanish Grand Prix,Racing Bulls,long_run,0.43822222222222224,3
2025,Spanish Grand Prix,Racing Bulls,short_run,0.6506666666666667,3
2025,Spanish Grand Prix,Red Bull Racing,balanced,0.6568888888888889,3
2025,Spanish Grand Prix,Red Bull Racing,long_run,0.9253333333333333,3
2025,Spanish Grand Prix,Red Bull Racing,short_run,0.5297777777777778,3
2025,Spanish Grand Prix,Williams,balanced,0.7697777777777778,3
2025,Spanish Grand Prix,Williams,long_run,0.4097777777777778,3
2025,Spanish Grand Prix,Williams,short_run,0.6426666666666667,3
