check_id,year,race_name,faster_driver,slower_driver,pair_present,target_weather_bucket,common_segments,valid_common_segments,chosen_segments,current_construct_n_pairs,current_construct_delta_s,highest_common_segment,highest_common_best_delta_s,any_valid_best_delta_s,phase5_row_present,phase5_delta_s,phase5_n_matched_pairs,phase5_skip_reason
verstappen_perez_quali_2022,2022,Bahrain Grand Prix,VER,PER,True,dry,"['Q1', 'Q2', 'Q3']","['Q1', 'Q2', 'Q3']","['Q3', 'Q2']",3,0.27000000000001023,Q3,0.2400000000000091,0.2400000000000091,True,0.2700000000000102,3,
verstappen_perez_quali_2022,2022,Saudi Arabian Grand Prix,VER,PER,True,dry,"['Q1', 'Q2', 'Q3']","['Q1', 'Q2', 'Q3']","['Q3', 'Q2']",3,-0.2609999999999957,Q3,-0.2609999999999957,-0.2609999999999957,True,-0.2609999999999957,3,
verstappen_perez_quali_2022,2022,Australian Grand Prix,VER,PER,True,dry,"['Q1', 'Q2', 'Q3']","['Q1', 'Q2', 'Q3']","['Q3', 'Q2']",3,-0.0010000000000047748,Q3,0.08599999999999852,0.08599999999999852,True,-0.0010000000000047,3,
verstappen_perez_quali_2022,2022,Emilia Romagna Grand Prix,VER,PER,True,dry,"['Q1', 'Q2']","['Q1', 'Q2']","['Q2', 'Q1']",4,1.2019999999999982,Q2,0.5030000000000001,0.5030000000000001,True,1.2019999999999982,4,
verstappen_perez_quali_2022,2022,Miami Grand Prix,VER,PER,True,dry,"['Q1', 'Q2', 'Q3']","['Q1', 'Q2', 'Q3']","['Q3', 'Q2', 'Q1']",4,0.4890000000000043,Q3,0.045000000000001705,0.045000000000001705,True,0.4890000000000043,4,
verstappen_perez_quali_2022,2022,Spanish Grand Prix,VER,PER,True,dry,"['Q1', 'Q2', 'Q3']","['Q1', 'Q2', 'Q3']","['Q3', 'Q2']",3,0.4130000000000109,Q3,0.3470000000000084,0.3470000000000084,True,0.4130000000000109,3,
verstappen_perez_quali_2022,2022,Monaco Grand Prix,VER,PER,True,dry,"['Q1', 'Q2']","['Q1', 'Q2']",['Q2'],3,-0.3990000000000009,Q2,-0.16300000000001091,-0.16300000000001091,True,-0.3990000000000009,3,
verstappen_perez_quali_2022,2022,Azerbaijan Grand Prix,VER,PER,True,dry,"['Q1', 'Q2', 'Q3']","['Q1', 'Q2', 'Q3']","['Q3', 'Q2']",3,-0.049000000000006594,Q3,-0.06499999999999773,-0.06499999999999773,True,-0.0490000000000065,3,
verstappen_perez_quali_2022,2022,Canadian Grand Prix,VER,PER,True,dry,"['Q1', 'Q2']",[],['Q1'],0,,,,,False,,0,
verstappen_perez_quali_2022,2022,British Grand Prix,VER,PER,True,dry,"['Q1', 'Q2', 'Q3']",['Q1'],"['Q3', 'Q2']",0,,Q1,1.391999999999996,1.391999999999996,False,,0,
verstappen_perez_quali_2022,2022,Austrian Grand Prix,VER,PER,True,dry,"['Q1', 'Q2', 'Q3']","['Q1', 'Q2', 'Q3']","['Q3', 'Q2']",4,0.7055000000000007,Q3,0.4200000000000017,0.4200000000000017,True,0.7055000000000007,4,
verstappen_perez_quali_2022,2022,French Grand Prix,VER,PER,True,dry,"['Q1', 'Q2', 'Q3']","['Q1', 'Q2', 'Q3']","['Q3', 'Q2']",3,0.15899999999999181,Q3,0.15899999999999181,0.15899999999999181,True,0.1589999999999918,3,
verstappen_perez_quali_2022,2022,Hungarian Grand Prix,VER,PER,True,dry,"['Q1', 'Q2']","['Q1', 'Q2']","['Q2', 'Q1']",6,0.67349999999999,Q2,0.8130000000000024,0.8130000000000024,True,0.67349999999999,6,
verstappen_perez_quali_2022,2022,Belgian Grand Prix,VER,PER,True,dry,"['Q1', 'Q2', 'Q3']","['Q1', 'Q2', 'Q3']","['Q3', 'Q2', 'Q1']",3,0.7959999999999923,Q3,0.796999999999997,0.796999999999997,True,0.7959999999999923,3,
verstappen_perez_quali_2022,2022,Dutch Grand Prix,VER,PER,True,dry,"['Q1', 'Q2', 'Q3']","['Q1', 'Q2', 'Q3']","['Q3', 'Q2', 'Q1']",3,0.5619999999999976,Q3,0.7349999999999994,0.7349999999999994,True,0.5619999999999976,3,
verstappen_perez_quali_2022,2022,Italian Grand Prix,VER,PER,True,dry,"['Q1', 'Q2', 'Q3']","['Q1', 'Q2', 'Q3']","['Q3', 'Q2']",3,0.5,Q3,0.9000000000000057,0.9000000000000057,True,0.5,3,
verstappen_perez_quali_2022,2022,Singapore Grand Prix,VER,PER,True,dry,"['Q1', 'Q2', 'Q3']","['Q2', 'Q3']","['Q3', 'Q2']",3,-3.1850000000000023,Q3,-3.734000000000009,-3.2890000000000015,True,-3.1850000000000023,3,
verstappen_perez_quali_2022,2022,Japanese Grand Prix,VER,PER,True,dry,"['Q1', 'Q2', 'Q3']","['Q1', 'Q2', 'Q3']","['Q3', 'Q2']",3,0.37700000000000955,Q3,0.40500000000000114,0.40500000000000114,True,0.3770000000000095,3,
verstappen_perez_quali_2022,2022,United States Grand Prix,VER,PER,True,dry,"['Q1', 'Q2', 'Q3']","['Q1', 'Q2', 'Q3']","['Q3', 'Q2']",3,0.19700000000000273,Q3,0.19700000000000273,0.19700000000000273,True,0.1970000000000027,3,
verstappen_perez_quali_2022,2022,Mexico City Grand Prix,VER,PER,True,dry,"['Q1', 'Q2', 'Q3']","['Q1', 'Q2', 'Q3']","['Q3', 'Q2']",4,0.27949999999999875,Q3,0.35299999999999443,0.35299999999999443,True,0.2794999999999987,4,
verstappen_perez_quali_2022,2022,São Paulo Grand Prix,VER,PER,True,dry,"['Q1', 'Q2', 'Q3']","['Q1', 'Q2']","['Q3', 'Q2']",3,0.13800000000000523,Q2,0.5750000000000028,0.5750000000000028,True,0.1380000000000052,3,
verstappen_perez_quali_2022,2022,Abu Dhabi Grand Prix,VER,PER,True,dry,"['Q1', 'Q2', 'Q3']","['Q1', 'Q2', 'Q3']","['Q3', 'Q2']",4,0.2780000000000058,Q3,0.22800000000000864,0.22800000000000864,True,0.2780000000000058,4,
verstappen_perez_quali_2023,2023,Bahrain Grand Prix,VER,PER,True,dry,"['Q1', 'Q2', 'Q3']","['Q1', 'Q2', 'Q3']","['Q3', 'Q2']",3,0.23399999999999466,Q3,0.13800000000000523,0.13800000000000523,True,0.2339999999999946,3,
albon_sargeant_quali_2023,2023,Bahrain Grand Prix,ALB,SAR,True,dry,"['Q1', 'Q2']",['Q1'],['Q1'],2,,Q1,0.1910000000000025,0.1910000000000025,False,,0,
verstappen_perez_quali_2023,2023,Saudi Arabian Grand Prix,VER,PER,True,dry,"['Q1', 'Q2']",['Q1'],['Q1'],1,,Q1,0.4830000000000041,-0.4959999999999951,False,,0,
albon_sargeant_quali_2023,2023,Saudi Arabian Grand Prix,ALB,SAR,True,dry,['Q1'],['Q1'],['Q1'],1,,Q1,-0.27299999999999613,-0.27299999999999613,False,,0,
verstappen_perez_quali_2023,2023,Australian Grand Prix,VER,PER,True,dry,['Q1'],[],[],0,,,,,False,,0,
albon_sargeant_quali_2023,2023,Australian Grand Prix,ALB,SAR,True,dry,"['Q1', 'Q2']",['Q1'],['Q1'],3,0.4140000000000015,Q1,0.5949999999999989,0.9480000000000075,True,0.4140000000000015,3,
verstappen_perez_quali_2023,2023,Azerbaijan Grand Prix,VER,PER,True,dry,"['Q1', 'Q2', 'Q3']","['Q1', 'Q2', 'Q3']","['Q3', 'Q2']",3,0.1039999999999992,Q3,0.1039999999999992,0.1039999999999992,True,0.1039999999999992,3,
albon_sargeant_quali_2023,2023,Azerbaijan Grand Prix,ALB,SAR,True,dry,"['Q1', 'Q2']","['Q1', 'Q2']",['Q2'],3,0.5259999999999962,Q2,0.5769999999999982,0.4240000000000066,True,0.5259999999999962,3,
verstappen_perez_quali_2023,2023,Miami Grand Prix,VER,PER,True,dry,"['Q1', 'Q2']","['Q1', 'Q2']","['Q2', 'Q1']",4,0.2839999999999989,Q2,0.51400000000001,0.51400000000001,True,0.2839999999999989,4,
albon_sargeant_quali_2023,2023,Miami Grand Prix,ALB,SAR,True,dry,['Q1'],['Q1'],['Q1'],3,-0.5629999999999882,Q1,0.3430000000000035,0.7819999999999965,True,-0.5629999999999882,3,
verstappen_perez_quali_2023,2023,Monaco Grand Prix,VER,PER,True,dry,['Q1'],['Q1'],['Q1'],1,,Q1,1.4639999999999986,2.4849999999999994,False,,0,
albon_sargeant_quali_2023,2023,Monaco Grand Prix,ALB,SAR,True,dry,"['Q1', 'Q2']",['Q1'],['Q1'],4,0.9495000000000005,Q1,0.4069999999999965,0.5859999999999985,True,0.9495000000000005,4,
verstappen_perez_quali_2023,2023,Spanish Grand Prix,VER,PER,True,dry,"['Q1', 'Q2', 'Q3']","['Q1', 'Q2']","['Q2', 'Q1']",4,1.180500000000002,Q2,0.5739999999999981,1.0619999999999976,True,1.180500000000002,4,
albon_sargeant_quali_2023,2023,Spanish Grand Prix,ALB,SAR,True,dry,['Q1'],['Q1'],['Q1'],2,,Q1,0.6359999999999957,0.6359999999999957,False,,0,
verstappen_perez_quali_2023,2023,Canadian Grand Prix,VER,PER,True,dry,"['Q1', 'Q2']","['Q1', 'Q2']","['Q2', 'Q1']",5,0.7309999999999945,Q2,4.299000000000007,3.0589999999999975,True,0.7309999999999945,5,
albon_sargeant_quali_2023,2023,Canadian Grand Prix,ALB,SAR,True,dry,"['Q1', 'Q2']",['Q1'],['Q1'],4,1.1855000000000047,Q1,1.399000000000001,4.612000000000009,True,1.1855000000000049,4,
verstappen_perez_quali_2023,2023,Austrian Grand Prix,VER,PER,True,dry,"['Q1', 'Q2']","['Q1', 'Q2']","['Q2', 'Q1']",5,0.284000000000006,Q2,0.03900000000000148,0.5989999999999895,True,0.284000000000006,5,
albon_sargeant_quali_2023,2023,Austrian Grand Prix,ALB,SAR,True,dry,"['Q1', 'Q2']",['Q1'],['Q1'],2,,Q1,0.2749999999999915,0.6079999999999899,False,,0,
verstappen_perez_quali_2023,2023,British Grand Prix,VER,PER,True,dry,['Q1'],['Q1'],['Q1'],3,1.443000000000012,Q1,0.5400000000000063,3.2480000000000047,True,1.443000000000012,3,
albon_sargeant_quali_2023,2023,British Grand Prix,ALB,SAR,True,dry,"['Q1', 'Q2']","['Q1', 'Q2']","['Q2', 'Q1']",4,0.5090000000000003,Q2,0.9640000000000128,1.5010000000000048,True,0.5090000000000003,4,
verstappen_perez_quali_2023,2023,Hungarian Grand Prix,VER,PER,True,dry,"['Q1', 'Q2', 'Q3']","['Q1', 'Q2', 'Q3']","['Q3', 'Q2']",4,0.4714999999999989,Q3,0.43300000000000693,0.43300000000000693,True,0.4714999999999989,4,
albon_sargeant_quali_2023,2023,Hungarian Grand Prix,ALB,SAR,True,dry,['Q1'],['Q1'],['Q1'],3,0.33100000000000307,Q1,0.33100000000000307,0.33100000000000307,True,0.331000000000003,3,
verstappen_perez_quali_2023,2023,Belgian Grand Prix,VER,PER,True,dry,"['Q1', 'Q2', 'Q3']","['Q1', 'Q2', 'Q3']","['Q3', 'Q2']",4,1.0495000000000019,Q3,0.8769999999999953,0.8769999999999953,True,1.049500000000002,4,
albon_sargeant_quali_2023,2023,Belgian Grand Prix,ALB,SAR,True,dry,['Q1'],['Q1'],['Q1'],3,0.09300000000000352,Q1,1.2210000000000036,1.2210000000000036,True,0.0930000000000035,3,
verstappen_perez_quali_2023,2023,Dutch Grand Prix,VER,PER,True,dry,"['Q1', 'Q2', 'Q3']","['Q1', 'Q2', 'Q3']","['Q3', 'Q2']",4,1.1595000000000013,Q3,1.3130000000000024,1.3130000000000024,True,1.1595000000000013,4,
albon_sargeant_quali_2023,2023,Dutch Grand Prix,ALB,SAR,True,dry,"['Q1', 'Q2', 'Q3']","['Q1', 'Q2']",['Q2'],3,0.6920000000000073,Q2,0.6679999999999922,8.647999999999996,True,0.6920000000000073,3,
verstappen_perez_quali_2023,2023,Italian Grand Prix,VER,PER,True,dry,"['Q1', 'Q2', 'Q3']","['Q1', 'Q2', 'Q3']","['Q3', 'Q2']",4,0.3404999999999987,Q3,0.3810000000000002,0.3810000000000002,True,0.3404999999999987,4,
albon_sargeant_quali_2023,2023,Italian Grand Prix,ALB,SAR,True,dry,"['Q1', 'Q2']","['Q1', 'Q2']","['Q2', 'Q1']",5,0.671999999999997,Q2,0.671999999999997,1.1700000000000017,True,0.671999999999997,5,
verstappen_perez_quali_2023,2023,Singapore Grand Prix,VER,PER,True,dry,"['Q1', 'Q2']","['Q1', 'Q2']","['Q2', 'Q1']",3,-0.2989999999999924,Q2,0.0030000000000001137,-0.2079999999999984,True,-0.2989999999999924,3,
albon_sargeant_quali_2023,2023,Singapore Grand Prix,ALB,SAR,True,dry,['Q1'],['Q1'],['Q1'],2,,Q1,0.583999999999989,0.583999999999989,False,,0,
verstappen_perez_quali_2023,2023,Japanese Grand Prix,VER,PER,True,dry,"['Q1', 'Q2', 'Q3']","['Q1', 'Q2', 'Q3']","['Q3', 'Q2']",3,0.7730000000000103,Q3,0.7730000000000103,0.7730000000000103,True,0.7730000000000103,3,
albon_sargeant_quali_2023,2023,Japanese Grand Prix,ALB,SAR,True,dry,['Q1'],[],[],0,,,,,False,,0,
verstappen_perez_quali_2023,2023,Qatar Grand Prix,VER,PER,True,dry,"['Q1', 'Q2']","['Q1', 'Q2']","['Q2', 'Q1']",5,0.7920000000000016,Q2,0.7920000000000016,1.4969999999999999,True,0.7920000000000016,5,
albon_sargeant_quali_2023,2023,Qatar Grand Prix,ALB,SAR,True,dry,['Q1'],['Q1'],['Q1'],4,0.07150000000000034,Q1,0.09199999999999875,0.5030000000000001,True,0.0715000000000003,4,
verstappen_perez_quali_2023,2023,United States Grand Prix,VER,PER,True,dry,"['Q1', 'Q2', 'Q3']","['Q1', 'Q2', 'Q3']","['Q3', 'Q2']",3,0.44299999999999784,Q3,0.4549999999999983,0.4549999999999983,True,0.4429999999999978,3,
albon_sargeant_quali_2023,2023,United States Grand Prix,ALB,SAR,True,dry,['Q1'],['Q1'],['Q1'],2,,Q1,0.5120000000000005,0.5120000000000005,False,,0,
verstappen_perez_quali_2023,2023,Mexico City Grand Prix,VER,PER,True,dry,"['Q1', 'Q2', 'Q3']","['Q1', 'Q2', 'Q3']","['Q3', 'Q2']",3,0.4989999999999952,Q3,0.1599999999999966,0.1599999999999966,True,0.4989999999999952,3,
albon_sargeant_quali_2023,2023,Mexico City Grand Prix,ALB,SAR,True,dry,['Q1'],['Q1'],['Q1'],1,,Q1,1.61099999999999,2.1369999999999862,False,,0,
verstappen_perez_quali_2023,2023,São Paulo Grand Prix,VER,PER,True,dry,"['Q1', 'Q2']","['Q1', 'Q2']","['Q2', 'Q1']",4,0.11050000000000182,Q2,0.05699999999998795,0.05699999999998795,True,0.1105000000000018,4,
albon_sargeant_quali_2023,2023,São Paulo Grand Prix,ALB,SAR,True,dry,['Q1'],['Q1'],['Q1'],3,0.4140000000000015,Q1,0.4140000000000015,0.4140000000000015,True,0.4140000000000015,3,
verstappen_perez_quali_2023,2023,Las Vegas Grand Prix,VER,PER,True,dry,"['Q1', 'Q2']","['Q1', 'Q2']","['Q2', 'Q1']",4,0.3470000000000013,Q2,0.28300000000000125,0.7510000000000048,True,0.3470000000000013,4,
albon_sargeant_quali_2023,2023,Las Vegas Grand Prix,ALB,SAR,True,dry,"['Q1', 'Q2', 'Q3']","['Q1', 'Q2', 'Q3']","['Q3', 'Q2']",3,0.14500000000001023,Q3,0.19000000000001194,0.19000000000001194,True,0.1450000000000102,3,
verstappen_perez_quali_2023,2023,Abu Dhabi Grand Prix,VER,PER,True,dry,"['Q1', 'Q2', 'Q3']","['Q1', 'Q2', 'Q3']","['Q3', 'Q2']",3,0.3760000000000048,Q3,0.4230000000000018,0.4230000000000018,True,0.3760000000000048,3,
albon_sargeant_quali_2023,2023,Abu Dhabi Grand Prix,ALB,SAR,True,dry,['Q1'],['Q1'],['Q1'],2,,Q1,0.23399999999999466,0.23399999999999466,False,,0,
verstappen_perez_quali_2024,2024,Bahrain Grand Prix,VER,PER,True,dry,"['Q1', 'Q2', 'Q3']","['Q1', 'Q2', 'Q3']","['Q3', 'Q2']",3,0.5580000000000069,Q3,0.3580000000000041,0.3580000000000041,True,0.5580000000000069,3,
russell_hamilton_quali_2024,2024,Bahrain Grand Prix,RUS,HAM,True,dry,"['Q1', 'Q2', 'Q3']","['Q1', 'Q2', 'Q3']","['Q3', 'Q2']",4,0.010500000000000398,Q3,0.22499999999999432,0.22499999999999432,True,0.0105000000000003,4,
albon_sargeant_quali_2024,2024,Bahrain Grand Prix,ALB,SAR,True,dry,['Q1'],['Q1'],['Q1'],2,,Q1,0.37299999999999045,0.5489999999999924,False,,0,
verstappen_perez_quali_2024,2024,Saudi Arabian Grand Prix,VER,PER,True,dry,"['Q1', 'Q2', 'Q3']","['Q1', 'Q2', 'Q3']","['Q3', 'Q2']",4,0.38450000000000273,Q3,0.33500000000000796,0.33500000000000796,True,0.3845000000000027,4,
russell_hamilton_quali_2024,2024,Saudi Arabian Grand Prix,RUS,HAM,True,dry,"['Q1', 'Q2', 'Q3']","['Q1', 'Q2', 'Q3']","['Q3', 'Q2']",3,0.49099999999999966,Q3,0.14399999999999125,0.14399999999999125,True,0.4909999999999996,3,
albon_sargeant_quali_2024,2024,Saudi Arabian Grand Prix,ALB,SAR,True,dry,['Q1'],['Q1'],['Q1'],2,,Q1,0.41899999999999693,0.5459999999999923,False,,0,
verstappen_perez_quali_2024,2024,Australian Grand Prix,VER,PER,True,dry,"['Q1', 'Q2', 'Q3']","['Q1', 'Q2', 'Q3']","['Q3', 'Q2']",4,0.36249999999999716,Q3,0.35899999999999466,0.35899999999999466,True,0.3624999999999971,4,
russell_hamilton_quali_2024,2024,Australian Grand Prix,RUS,HAM,True,dry,"['Q1', 'Q2']","['Q1', 'Q2']","['Q2', 'Q1']",4,0.0449999999999946,Q2,0.0589999999999975,0.23599999999999,True,0.0449999999999946,4,
albon_sargeant_quali_2024,2024,Australian Grand Prix,ALB,SAR,False,dry,[],[],[],0,,,,,False,,0,
verstappen_perez_quali_2024,2024,Japanese Grand Prix,VER,PER,True,dry,"['Q1', 'Q2', 'Q3']","['Q1', 'Q2', 'Q3']","['Q3', 'Q2']",3,0.0660000000000025,Q3,0.0660000000000025,0.0660000000000025,True,0.0660000000000025,3,
russell_hamilton_quali_2024,2024,Japanese Grand Prix,RUS,HAM,True,dry,"['Q1', 'Q2', 'Q3']","['Q1', 'Q2', 'Q3']","['Q3', 'Q2']",4,-0.19299999999999073,Q3,-0.24199999999999022,-0.24199999999999022,True,-0.1929999999999907,4,
albon_sargeant_quali_2024,2024,Japanese Grand Prix,ALB,SAR,True,dry,['Q1'],['Q1'],['Q1'],2,,Q1,0.17600000000000193,0.42499999999999716,False,,0,
verstappen_perez_quali_2024,2024,Chinese Grand Prix,VER,PER,True,dry,"['Q1', 'Q2', 'Q3']","['Q1', 'Q2', 'Q3']","['Q3', 'Q2']",4,0.40749999999999886,Q3,0.32200000000000273,0.32200000000000273,True,0.4074999999999988,4,
russell_hamilton_quali_2024,2024,Chinese Grand Prix,RUS,HAM,True,dry,['Q1'],['Q1'],['Q1'],1,,Q1,0.8739999999999952,2.1739999999999924,False,,0,
albon_sargeant_quali_2024,2024,Chinese Grand Prix,ALB,SAR,True,dry,['Q1'],['Q1'],['Q1'],1,,Q1,0.6290000000000049,1.1170000000000044,False,,0,
verstappen_perez_quali_2024,2024,Miami Grand Prix,VER,PER,True,dry,"['Q1', 'Q2', 'Q3']","['Q1', 'Q2', 'Q3']","['Q3', 'Q2']",4,0.2700000000000031,Q3,0.2189999999999941,0.2189999999999941,True,0.2700000000000031,4,
russell_hamilton_quali_2024,2024,Miami Grand Prix,RUS,HAM,True,dry,"['Q1', 'Q2', 'Q3']","['Q1', 'Q2', 'Q3']","['Q3', 'Q2']",4,0.0694999999999979,Q3,0.04000000000000625,-0.36999999999999034,True,0.0694999999999979,4,
albon_sargeant_quali_2024,2024,Miami Grand Prix,ALB,SAR,True,dry,['Q1'],['Q1'],['Q1'],2,,Q1,0.14399999999999125,0.14399999999999125,False,,0,
verstappen_perez_quali_2024,2024,Emilia Romagna Grand Prix,VER,PER,True,dry,"['Q1', 'Q2']","['Q1', 'Q2']","['Q2', 'Q1']",3,0.46699999999999875,Q2,0.5300000000000011,0.960000000000008,True,0.4669999999999987,3,
russell_hamilton_quali_2024,2024,Emilia Romagna Grand Prix,RUS,HAM,True,dry,"['Q1', 'Q2', 'Q3']","['Q1', 'Q2', 'Q3']","['Q3', 'Q2']",4,0.13800000000000523,Q3,0.27000000000001023,0.27000000000001023,True,0.1380000000000052,4,
albon_sargeant_quali_2024,2024,Emilia Romagna Grand Prix,ALB,SAR,True,dry,['Q1'],['Q1'],['Q1'],2,,Q1,0.20699999999999363,0.5309999999999917,False,,0,
verstappen_perez_quali_2024,2024,Monaco Grand Prix,VER,PER,True,dry,['Q1'],['Q1'],['Q1'],5,0.7279999999999944,Q1,0.34900000000000375,1.4930000000000092,True,0.7279999999999944,5,
russell_hamilton_quali_2024,2024,Monaco Grand Prix,RUS,HAM,True,dry,"['Q1', 'Q2', 'Q3']","['Q1', 'Q2', 'Q3']","['Q3', 'Q2']",4,0.06749999999998835,Q3,0.07799999999998875,0.07799999999998875,True,0.0674999999999883,4,
albon_sargeant_quali_2024,2024,Monaco Grand Prix,ALB,SAR,True,dry,['Q1'],['Q1'],['Q1'],4,-0.018499999999995964,Q1,0.39699999999999136,1.0720000000000027,True,-0.0184999999999959,4,
verstappen_perez_quali_2024,2024,Canadian Grand Prix,VER,PER,True,dry,['Q1'],['Q1'],['Q1'],2,,Q1,0.965999999999994,1.3259999999999934,False,,0,
russell_hamilton_quali_2024,2024,Canadian Grand Prix,RUS,HAM,True,dry,"['Q1', 'Q2', 'Q3']","['Q1', 'Q2', 'Q3']","['Q3', 'Q2']",4,0.2560000000000002,Q3,0.28000000000000114,0.23699999999999477,True,0.2560000000000002,4,
albon_sargeant_quali_2024,2024,Canadian Grand Prix,ALB,SAR,True,dry,"['Q1', 'Q2']","['Q1', 'Q2']",['Q2'],3,0.2510000000000048,Q2,0.2510000000000048,0.2510000000000048,True,0.2510000000000048,3,
verstappen_perez_quali_2024,2024,Spanish Grand Prix,VER,PER,True,dry,"['Q1', 'Q2', 'Q3']","['Q1', 'Q2', 'Q3']","['Q3', 'Q2', 'Q1']",3,0.784000000000006,Q3,0.38800000000000523,0.40099999999999625,True,0.784000000000006,3,
russell_hamilton_quali_2024,2024,Spanish Grand Prix,RUS,HAM,True,dry,"['Q1', 'Q2', 'Q3']","['Q1', 'Q2', 'Q3']","['Q3', 'Q2']",4,-0.011000000000002785,Q3,-0.0020000000000095497,-0.0020000000000095497,True,-0.0110000000000027,4,
albon_sargeant_quali_2024,2024,Spanish Grand Prix,ALB,SAR,True,dry,['Q1'],['Q1'],['Q1'],2,,Q1,0.35599999999999454,0.35599999999999454,False,,0,
verstappen_perez_quali_2024,2024,Austrian Grand Prix,VER,PER,True,dry,"['Q1', 'Q2', 'Q3']","['Q1', 'Q2', 'Q3']","['Q3', 'Q2']",4,0.7815000000000083,Q3,0.8880000000000052,0.8300000000000125,True,0.7815000000000083,4,
russell_hamilton_quali_2024,2024,Austrian Grand Prix,RUS,HAM,True,dry,"['Q1', 'Q2', 'Q3']","['Q1', 'Q2', 'Q3']","['Q3', 'Q2']",4,0.1110000000000042,Q3,0.06300000000000239,0.06300000000000239,True,0.1110000000000042,4,
albon_sargeant_quali_2024,2024,Austrian Grand Prix,ALB,SAR,True,dry,['Q1'],['Q1'],['Q1'],3,0.28300000000000125,Q1,0.11999999999999034,0.11999999999999034,True,0.2830000000000012,3,
verstappen_perez_quali_2024,2024,British Grand Prix,VER,PER,True,dry,['Q1'],[],[],0,,,,,False,,0,
russell_hamilton_quali_2024,2024,British Grand Prix,RUS,HAM,True,dry,"['Q1', 'Q2', 'Q3']","['Q1', 'Q2', 'Q3']","['Q3', 'Q2']",5,0.003999999999990678,Q3,0.17099999999999227,0.17099999999999227,True,0.0039999999999906,5,
albon_sargeant_quali_2024,2024,British Grand Prix,ALB,SAR,True,dry,"['Q1', 'Q2', 'Q3']","['Q1', 'Q2']",['Q2'],3,0.409000000000006,Q2,0.24199999999999022,0.5349999999999966,True,0.409000000000006,3,
verstappen_perez_quali_2024,2024,Hungarian Grand Prix,VER,PER,True,dry,['Q1'],[],['Q1'],0,,,,,False,,0,
russell_hamilton_quali_2024,2024,Hungarian Grand Prix,RUS,HAM,True,dry,['Q1'],[],['Q1'],0,,,,,False,,0,
albon_sargeant_quali_2024,2024,Hungarian Grand Prix,ALB,SAR,True,dry,"['Q1', 'Q2']",['Q2'],"['Q2', 'Q1']",1,,Q2,0.11400000000000432,0.11400000000000432,True,,1,insufficient_matched_pairs
verstappen_perez_quali_2024,2024,Belgian Grand Prix,VER,PER,True,dry,"['Q1', 'Q2', 'Q3']",['Q1'],"['Q3', 'Q2', 'Q1']",2,,Q1,0.2009999999999934,0.2009999999999934,True,,2,insufficient_matched_pairs
russell_hamilton_quali_2024,2024,Belgian Grand Prix,RUS,HAM,True,dry,"['Q1', 'Q2', 'Q3']",['Q1'],"['Q3', 'Q2']",0,,Q1,0.33899999999999864,0.7059999999999889,False,,0,
albon_sargeant_quali_2024,2024,Belgian Grand Prix,ALB,SAR,True,dry,['Q1'],['Q1'],['Q1'],3,1.0859999999999985,Q1,1.5080000000000098,2.5060000000000002,True,1.0859999999999983,3,
verstappen_perez_quali_2024,2024,Dutch Grand Prix,VER,PER,True,dry,"['Q1', 'Q2', 'Q3']","['Q1', 'Q2', 'Q3']","['Q3', 'Q2', 'Q1']",3,0.28899999999998727,Q3,0.38700000000000045,0.38700000000000045,True,0.2889999999999872,3,
russell_hamilton_quali_2024,2024,Dutch Grand Prix,RUS,HAM,True,dry,"['Q1', 'Q2', 'Q3']","['Q1', 'Q2']","['Q2', 'Q1']",3,-0.23199999999999932,Q2,0.3959999999999866,0.7039999999999935,True,-0.2319999999999993,3,
albon_sargeant_quali_2024,2024,Dutch Grand Prix,ALB,SAR,False,dry,[],[],[],0,,,,,False,,0,
verstappen_perez_quali_2024,2024,Italian Grand Prix,VER,PER,True,dry,"['Q1', 'Q2', 'Q3']","['Q1', 'Q2', 'Q3']","['Q3', 'Q2']",3,0.5280000000000058,Q3,0.03999999999999204,0.3999999999999915,True,0.5280000000000058,3,
russell_hamilton_quali_2024,2024,Italian Grand Prix,RUS,HAM,True,dry,"['Q1', 'Q2', 'Q3']","['Q1', 'Q2', 'Q3']","['Q3', 'Q2']",4,-0.04299999999999926,Q3,0.0730000000000075,0.0730000000000075,True,-0.0429999999999992,4,
albon_sargeant_quali_2024,2024,Italian Grand Prix,ALB,SAR,False,dry,[],[],[],0,,,,,False,,0,
verstappen_perez_quali_2024,2024,Azerbaijan Grand Prix,VER,PER,True,dry,"['Q1', 'Q2', 'Q3']","['Q1', 'Q2', 'Q3']","['Q3', 'Q2']",3,-0.20999999999999375,Q3,-0.20999999999999375,-0.20999999999999375,True,-0.2099999999999937,3,
russell_hamilton_quali_2024,2024,Azerbaijan Grand Prix,RUS,HAM,True,dry,"['Q1', 'Q2', 'Q3']","['Q1', 'Q2', 'Q3']","['Q3', 'Q2']",4,0.4864999999999995,Q3,0.41500000000000625,0.41500000000000625,True,0.4864999999999995,4,
albon_sargeant_quali_2024,2024,Azerbaijan Grand Prix,ALB,SAR,False,dry,[],[],[],0,,,,,False,,0,
verstappen_perez_quali_2024,2024,Singapore Grand Prix,VER,PER,True,dry,"['Q1', 'Q2']","['Q1', 'Q2']","['Q2', 'Q1']",4,0.8219999999999956,Q2,0.8989999999999867,0.8989999999999867,True,0.8219999999999956,4,
russell_hamilton_quali_2024,2024,Singapore Grand Prix,RUS,HAM,True,dry,"['Q1', 'Q2', 'Q3']","['Q1', 'Q2', 'Q3']","['Q3', 'Q2', 'Q1']",4,-0.142000000000003,Q3,-0.02600000000001046,-0.02600000000001046,True,-0.142000000000003,4,
albon_sargeant_quali_2024,2024,Singapore Grand Prix,ALB,SAR,False,dry,[],[],[],0,,,,,False,,0,
verstappen_perez_quali_2024,2024,United States Grand Prix,VER,PER,True,dry,"['Q1', 'Q2', 'Q3']","['Q1', 'Q2', 'Q3']","['Q3', 'Q2']",3,0.43599999999999284,Q3,0.8990000000000009,0.6589999999999918,True,0.4359999999999928,3,
russell_hamilton_quali_2024,2024,United States Grand Prix,RUS,HAM,True,dry,['Q1'],['Q1'],['Q1'],2,,Q1,0.617999999999995,1.1799999999999926,False,,0,
albon_sargeant_quali_2024,2024,United States Grand Prix,ALB,SAR,False,dry,[],[],[],0,,,,,False,,0,
verstappen_perez_quali_2024,2024,Mexico City Grand Prix,VER,PER,True,dry,['Q1'],['Q1'],['Q1'],2,,Q1,0.8080000000000069,1.4399999999999977,False,,0,
russell_hamilton_quali_2024,2024,Mexico City Grand Prix,RUS,HAM,True,dry,"['Q1', 'Q2', 'Q3']","['Q1', 'Q2', 'Q3']","['Q3', 'Q2']",3,0.1419999999999959,Q3,0.2950000000000017,0.2950000000000017,True,0.1419999999999959,3,
albon_sargeant_quali_2024,2024,Mexico City Grand Prix,ALB,SAR,False,dry,[],[],[],0,,,,,False,,0,
verstappen_perez_quali_2024,2024,São Paulo Grand Prix,VER,PER,True,dry,"['Q1', 'Q2']",['Q2'],"['Q2', 'Q1']",1,,Q2,0.38700000000000045,0.38700000000000045,True,,1,insufficient_matched_pairs
russell_hamilton_quali_2024,2024,São Paulo Grand Prix,RUS,HAM,True,dry,"['Q1', 'Q2']",[],['Q1'],0,,,,,False,,0,
albon_sargeant_quali_2024,2024,São Paulo Grand Prix,ALB,SAR,False,dry,[],[],[],0,,,,,False,,0,
verstappen_perez_quali_2024,2024,Las Vegas Grand Prix,VER,PER,True,dry,['Q1'],['Q1'],['Q1'],3,0.8119999999999976,Q1,0.8559999999999945,1.358000000000004,True,0.8119999999999976,3,
russell_hamilton_quali_2024,2024,Las Vegas Grand Prix,RUS,HAM,True,dry,"['Q1', 'Q2', 'Q3']","['Q1', 'Q2', 'Q3']","['Q3', 'Q2']",4,-0.06400000000000006,Q3,2.8689999999999998,0.25499999999999545,True,-0.064,4,
albon_sargeant_quali_2024,2024,Las Vegas Grand Prix,ALB,SAR,False,dry,[],[],[],0,,,,,False,,0,
verstappen_perez_quali_2024,2024,Qatar Grand Prix,VER,PER,True,dry,"['Q1', 'Q2', 'Q3']","['Q1', 'Q2', 'Q3']","['Q3', 'Q2']",3,0.9050000000000011,Q3,0.9050000000000011,0.9050000000000011,True,0.9050000000000012,3,
russell_hamilton_quali_2024,2024,Qatar Grand Prix,RUS,HAM,True,dry,"['Q1', 'Q2', 'Q3']","['Q1', 'Q2', 'Q3']","['Q3', 'Q2']",5,0.3639999999999901,Q3,0.43599999999999284,0.43599999999999284,True,0.3639999999999901,5,
albon_sargeant_quali_2024,2024,Qatar Grand Prix,ALB,SAR,False,dry,[],[],[],0,,,,,False,,0,
verstappen_perez_quali_2024,2024,Abu Dhabi Grand Prix,VER,PER,True,dry,"['Q1', 'Q2', 'Q3']","['Q1', 'Q2', 'Q3']","['Q3', 'Q2']",3,0.7340000000000089,Q3,0.3190000000000026,0.3190000000000026,True,0.7340000000000089,3,
russell_hamilton_quali_2024,2024,Abu Dhabi Grand Prix,RUS,HAM,True,dry,['Q1'],['Q1'],['Q1'],2,,Q1,0.20900000000000318,0.7549999999999955,False,,0,
albon_sargeant_quali_2024,2024,Abu Dhabi Grand Prix,ALB,SAR,False,dry,[],[],[],0,,,,,False,,0,
